fsym_id,price_date,adj_price,index_adj_price,relative_price_performance_stock_index
T67ZN6-S,1999-03-31,1.0,1.0,1.0
T67ZN6-S,1999-06-30,1.7671303495146438,1.0671859785783837,1.6558785300652727
T67ZN6-S,1999-09-30,2.126738795557749,1.002921129503408,2.1205444107163194
T67ZN6-S,1999-12-31,4.615146855417081,1.1441090555014606,4.033834740862419
T67ZN6-S,2000-01-31,4.564657428093128,1.0876338851022396,4.196869452687236
T67ZN6-S,2000-02-29,6.815043837187403,1.070597857838364,6.365643072504932
T67ZN6-S,2000-03-31,7.007728030663878,1.1713729308666017,5.982491012046387
T67ZN6-S,2000-04-30,7.025244759028468,1.1302356377799416,6.215734599227257
T67ZN6-S,2000-05-31,7.415765116016789,1.1124673807205452,6.666051737367433
T67ZN6-S,2000-06-30,8.98093772599129,1.1316923076923078,7.935847637159241
T67ZN6-S,2000-07-31,15.239567347630816,1.1131918208373903,13.689974236575832
T67ZN6-S,2000-08-31,14.08140145924648,1.1867108081791626,11.865908157398826
T67ZN6-S,2000-09-30,15.43534272312851,1.118792599805258,13.796429048436012
T67ZN6-S,2000-10-31,14.182380313894388,1.113557935735151,12.736095589432834
H8NJCD-S,2000-11-30,0.0111565276741195,1.0304264849074976,0.0108270971656178
T67ZN6-S,2000-11-30,10.557444700287936,1.0304264849074976,10.245703943872996
H8NJCD-S,2000-12-31,0.0120977311582298,1.0219123661148977,0.0118383254370655
T67ZN6-S,2000-12-31,14.0216384253702,1.0219123661148977,13.720979303418757
H8NJCD-S,2001-01-31,0.0131151503486369,1.0673417721518987,0.0122876764414411
T67ZN6-S,2001-01-31,11.192169072083756,1.0673417721518987,10.486021782431417
H8NJCD-S,2001-02-28,0.0133383534885062,0.9655306718597858,0.0138145310938845
T67ZN6-S,2001-02-28,14.398763630022223,0.9655306718597858,14.91279774912548
H8NJCD-S,2001-03-31,0.0123850522732377,0.9089776046738072,0.0136252556823798
T67ZN6-S,2001-03-31,13.91447717643552,0.9089776046738072,15.307832783656783
H8NJCD-S,2001-04-30,0.0121430976500731,0.9730087633885102,0.0124799468483559
T67ZN6-S,2001-04-30,13.792890381157468,0.9730087633885102,14.175504784893844
H8NJCD-S,2001-05-31,0.0131339018319322,0.9811100292112952,0.013386777671094
T67ZN6-S,2001-05-31,11.880474083469082,0.9811100292112952,12.109216835770887
H8NJCD-S,2001-06-30,0.012622167803939,0.955014605647517,0.0132167275026972
T67ZN6-S,2001-06-30,10.7058218304829,0.955014605647517,11.21011319321568
H8NJCD-S,2001-07-31,0.0129310833690644,0.9452775073028236,0.0136796689534705
T67ZN6-S,2001-07-31,10.824997517696788,0.9452775073028236,11.45166095042707
H8NJCD-S,2001-08-31,0.0135783422303576,0.8891918208373905,0.0152704308701022
T67ZN6-S,2001-08-31,10.226893431781846,0.8891918208373905,11.501335473543534
H8NJCD-S,2001-09-30,0.0134090042384703,0.8135540408958131,0.0164820080344085
T67ZN6-S,2001-09-30,6.2733024758520965,0.8135540408958131,7.710984348310157
H8NJCD-S,2001-10-31,0.012217861628631,0.8241480038948393,0.0148248391925851
T67ZN6-S,2001-10-31,4.965522978415439,0.8241480038948393,6.025037923951626
H8NJCD-S,2001-11-30,0.0118602829399216,0.888412852969815,0.0133499677546027
T67ZN6-S,2001-11-30,3.575950569396351,0.888412852969815,4.025099994267923
H8NJCD-S,2001-12-31,0.0122057941418007,0.8903602726387536,0.0137088260975823
T67ZN6-S,2001-12-31,3.446429688848472,0.8903602726387536,3.8708259956773623
H8NJCD-S,2002-01-31,0.011462509539439,0.8816358325219085,0.0130014106920435
T67ZN6-S,2002-01-31,4.120000026615009,0.8816358325219085,4.673131325470063
H8NJCD-S,2002-02-28,0.0122512513666277,0.8658227848101266,0.0141498371047308
T67ZN6-S,2002-02-28,3.700340046051828,0.8658227848101266,4.273784556112491
H8NJCD-S,2002-03-31,0.0117837950346737,0.8920740019474196,0.0132094366711163
T67ZN6-S,2002-03-31,4.620154590252718,0.8920740019474196,5.179115835868781
H8NJCD-S,2002-04-30,0.0126099490954692,0.8401947419668938,0.015008364686917
T67ZN6-S,2002-04-30,4.780669797539328,0.8401947419668938,5.689954434072976
H8NJCD-S,2002-05-31,0.0133835385143822,0.8352093476144109,0.0160241723259077
T67ZN6-S,2002-05-31,4.372612085554792,0.8352093476144109,5.235348596186312
H8NJCD-S,2002-06-30,0.0136712528056528,0.7708666017526776,0.0177349138937519
T67ZN6-S,2002-06-30,3.679979413290888,0.7708666017526776,4.77382131347229
H8NJCD-S,2002-07-31,0.0120941320832102,0.7101071080817916,0.0170314195500451
T67ZN6-S,2002-07-31,3.056692448242352,0.7101071080817916,4.304551261991136
H8NJCD-S,2002-08-31,0.0123831166362524,0.7149367088607596,0.017320577448016
T67ZN6-S,2002-08-31,0.6839773505067482,0.7149367088607596,0.9566963649085182
H8NJCD-S,2002-09-30,0.0114287871138355,0.6371178188899709,0.0179382631830129
T67ZN6-S,2002-09-30,0.6785162229516281,0.6371178188899709,1.06497762711108
H8NJCD-S,2002-10-31,0.0110427182682484,0.6895423563777994,0.0160145612029643
T67ZN6-S,2002-10-31,0.5653374718058595,0.6895423563777994,0.8198734516841077
H8NJCD-S,2002-11-30,0.0121137606520144,0.7320740019474197,0.0165471805033236
T67ZN6-S,2002-11-30,0.2363730022071403,0.7320740019474197,0.3228812955771615
H8NJCD-S,2002-12-31,0.0126010572630679,0.6872833495618306,0.0183345883049569
T67ZN6-S,2002-12-31,0.1954250252033545,0.6872833495618306,0.2843441869033281
H8NJCD-S,2003-01-31,0.011218951966896,0.6703797468354431,0.016735219134909
T67ZN6-S,2003-01-31,0.0965040853584456,0.6703797468354431,0.1439543569357478
H8NJCD-S,2003-02-28,0.0126812047319912,0.6613437195715677,0.0191749076262588
T67ZN6-S,2003-02-28,0.0367577463511655,0.6613437195715677,0.0555803967942387
H8NJCD-S,2003-03-31,0.0139543094704275,0.6600973709834469,0.0211397743481961
T67ZN6-S,2003-03-31,0.0329981646834503,0.6600973709834469,0.0499898441260081
H8NJCD-S,2003-04-30,0.0147752312624971,0.7159493670886076,0.0206372572442941
T67ZN6-S,2003-04-30,0.0752875381180606,0.7159493670886076,0.1051576292667395
H8NJCD-S,2003-05-31,0.017152223724794,0.7552093476144109,0.0227118795324438
T67ZN6-S,2003-05-31,0.0787118916553812,0.7552093476144109,0.104225261384833
H8NJCD-S,2003-06-30,0.0168280952627371,0.760506329113924,0.0221274887775671
T67ZN6-S,2003-06-30,0.0464321204924345,0.760506329113924,0.061054219688787
H8NJCD-S,2003-07-31,0.016309707482607,0.7742161635832522,0.0210660901305933
T67ZN6-S,2003-07-31,0.0760298851462574,0.7742161635832522,0.0982023996946453
H8NJCD-S,2003-08-31,0.0181556700357134,0.7901850048685491,0.0229764800949793
T67ZN6-S,2003-08-31,0.0511016632535438,0.7901850048685491,0.0646705049307343
H8NJCD-S,2003-09-30,0.0190206275691989,0.7785783836416748,0.0244299456147665
T67ZN6-S,2003-09-30,0.0475096956510259,0.7785783836416748,0.0610210823331711
H8NJCD-S,2003-10-31,0.0194864507074465,0.820253164556962,0.0237566297204981
T67ZN6-S,2003-10-31,0.0203065559026629,0.820253164556962,0.0247564493257774
H8NJCD-S,2003-11-30,0.021148467258292,0.8292112950340799,0.0255043164329097
T67ZN6-S,2003-11-30,0.0175527191147872,0.8292112950340799,0.021167969153225
H8NJCD-S,2003-12-31,0.0219416852460093,0.8668354430379747,0.0253123997434979
T67ZN6-S,2003-12-31,0.014248133115933,0.8668354430379747,0.0164369526308223
H8NJCD-S,2004-01-31,0.0239064777634174,0.8839727361246349,0.0270443609700274
T67ZN6-S,2004-01-31,0.0170738001825608,0.8839727361246349,0.0193148492988742
H8NJCD-S,2004-02-29,0.024911012870141,0.895968841285297,0.0278034365954125
T67ZN6-S,2004-02-29,0.0170019699038088,0.895968841285297,0.0189760727386668
H8NJCD-S,2004-03-31,0.0245118784749031,0.881012658227848,0.027822390797663
T67ZN6-S,2004-03-31,0.0174329818206486,0.881012658227848,0.0197874362619431
H8NJCD-S,2004-04-30,0.0248472578269371,0.8643427458617332,0.0287469964269381
T67ZN6-S,2004-04-30,0.0104645979405245,0.8643427458617332,0.0121070003660314
H8NJCD-S,2004-05-31,0.0264668113414172,0.879143135345667,0.0301052357429952
T67ZN6-S,2004-05-31,0.0142720563792984,0.879143135345667,0.0162340531427648
H8NJCD-S,2004-06-30,0.0272775105506581,0.8921518987341772,0.0305749621666003
T67ZN6-S,2004-06-30,0.0103688141540793,0.8921518987341772,0.0116222519604464
H8NJCD-S,2004-07-31,0.0274253145810838,0.8634079844206427,0.0317640270601465
T67ZN6-S,2004-07-31,0.0136734001529334,0.8634079844206427,0.0158365458736271
H8NJCD-S,2004-08-31,0.0253993680326708,0.8655111976630964,0.0293460883016301
T67ZN6-S,2004-08-31,0.0081460980083777,0.8655111976630964,0.0094118921053504
H8NJCD-S,2004-09-30,0.0272581844251329,0.8705744888023369,0.0313105710949931
T67ZN6-S,2004-09-30,0.006936808801801,0.8705744888023369,0.0079680818712528
H8NJCD-S,2004-10-31,0.0268204885118281,0.8817916260954236,0.0304159029390983
T67ZN6-S,2004-10-31,0.0065297503926545,0.8817916260954236,0.0074050945817758
H8NJCD-S,2004-11-30,0.0285677335786833,0.9183252190847128,0.0311085147015309
T67ZN6-S,2004-11-30,0.0062260973405829,0.9183252190847128,0.0067798392238301
H8NJCD-S,2004-12-31,0.0308096246282707,0.9415384615384615,0.032722640536562
T67ZN6-S,2004-12-31,0.0092886379832888,0.9415384615384615,0.0098653834789832
H8NJCD-S,2005-01-31,0.0289277620579523,0.9204284323271664,0.0314285837355249
T67ZN6-S,2005-01-31,0.0090923522952465,0.9204284323271664,0.0098783913837362
H8NJCD-S,2005-02-28,0.0299871906198063,0.9396689386562804,0.0319125059754426
T67ZN6-S,2005-02-28,0.0072776926215121,0.9396689386562804,0.0077449539110222
H8NJCD-S,2005-03-31,0.02975790837003,0.9188704965920156,0.0323853127077196
T67ZN6-S,2005-03-31,0.0062744882652158,0.9188704965920156,0.0068284794086732
H8NJCD-S,2005-04-30,0.0294697706581688,0.9016553067185978,0.0326840760971268
T67ZN6-S,2005-04-30,0.0067278507403705,0.9016553067185978,0.0074616659939098
H8NJCD-S,2005-05-31,0.0294536806757284,0.9307108081791626,0.0316464366985825
T67ZN6-S,2005-05-31,0.0060400947240251,0.9307108081791626,0.0064897653180175
H8NJCD-S,2005-06-30,0.029972522120777,0.9283739045764364,0.0322849683441412
T67ZN6-S,2005-06-30,0.0085582374646107,0.9283739045764364,0.0092185243708625
H8NJCD-S,2005-07-31,0.0309266096885708,0.9638948393378772,0.0320850454078736
T67ZN6-S,2005-07-31,0.0094773625893572,0.9638948393378772,0.0098323615840369
H8NJCD-S,2005-08-31,0.0313699310468641,0.954858812074002,0.0328529523424799
T67ZN6-S,2005-08-31,0.0098941294277582,0.954858812074002,0.0103618768582841
H8NJCD-S,2005-09-30,0.0312719091801546,0.9584420642648492,0.0326278555022947
T67ZN6-S,2005-09-30,0.0084832315314297,0.9584420642648492,0.0088510634577965
H8NJCD-S,2005-10-31,0.0316010582006421,0.935774099318403,0.0337699645925866
T67ZN6-S,2005-10-31,0.0088401146005974,0.935774099318403,0.0094468468480121
H8NJCD-S,2005-11-30,0.0303782497794961,0.9769036027263877,0.0310964661146863
T67ZN6-S,2005-11-30,0.0098823341398789,0.9769036027263877,0.0101159767578898
H8NJCD-S,2005-12-31,0.0330018544914535,0.9698928919182084,0.0340262876101546
T67ZN6-S,2005-12-31,0.009335214248248,0.9698928919182084,0.0096249950134032
H8NJCD-S,2006-01-31,0.0336051683443145,0.9931840311587148,0.0338357920486382
T67ZN6-S,2006-01-31,0.0109027777630756,0.9931840311587148,0.0109776007477242
H8NJCD-S,2006-02-28,0.0362438952202196,0.9988704965920157,0.0362848791148382
T67ZN6-S,2006-02-28,0.0156850108899239,0.9988704965920157,0.0157027471963969
H8NJCD-S,2006-03-31,0.0409531790281838,1.011333982473223,0.0404942182680666
T67ZN6-S,2006-03-31,0.0299548896776139,1.011333982473223,0.029619186338779
H8NJCD-S,2006-04-30,0.0471383255487961,1.0241090555014605,0.04602861901823
T67ZN6-S,2006-04-30,0.0306480896729804,1.0241090555014605,0.0299265879042281
H8NJCD-S,2006-05-31,0.0433396077207841,0.9932619279454724,0.0436336141569732
T67ZN6-S,2006-05-31,0.0356178376327812,0.9932619279454724,0.0358594612666324
H8NJCD-S,2006-06-30,0.040852888836882,0.991080817916261,0.0412205423597794
T67ZN6-S,2006-06-30,0.0327591437600915,0.991080817916261,0.0330539580303525
H8NJCD-S,2006-07-31,0.0401385178119886,0.9959104186952288,0.0403033416043335
T67ZN6-S,2006-07-31,0.0333957868622934,0.9959104186952288,0.0335329224751421
H8NJCD-S,2006-08-31,0.0425055296460799,1.017643622200584,0.0417685805902902
T67ZN6-S,2006-08-31,0.0294059551263092,1.017643622200584,0.028896122851653
H8NJCD-S,2006-09-30,0.0460839477897006,1.040545277507303,0.0442882676860519
T67ZN6-S,2006-09-30,0.0238479549889394,1.040545277507303,0.0229187095501205
H8NJCD-S,2006-10-31,0.0484779375642748,1.0733398247322297,0.045165507183495
T67ZN6-S,2006-10-31,0.0236740501035399,1.0733398247322297,0.0220564350246167
H8NJCD-S,2006-11-30,0.0509781151740904,1.0946835443037974,0.0465688147404387
T67ZN6-S,2006-11-30,0.0265666176234726,1.0946835443037974,0.0242687649428115
H8NJCD-S,2006-12-31,0.0520024300712577,1.1031742940603702,0.0471389066544111
T67ZN6-S,2006-12-31,0.0276874724152826,1.1031742940603702,0.0250980036104499
H8NJCD-S,2007-01-31,0.0520754096344697,1.1197663096397277,0.0465056049518264
T67ZN6-S,2007-01-31,0.032257087917025,1.1197663096397277,0.0288069819919867
H8NJCD-S,2007-02-28,0.0521116423392886,1.0977994157740991,0.0474691838877895
T67ZN6-S,2007-02-28,0.0369243925978701,1.0977994157740991,0.0336349173330843
H8NJCD-S,2007-03-31,0.0539228239153151,1.1061343719571568,0.048748890986821
T67ZN6-S,2007-03-31,0.0353770927827325,1.1061343719571568,0.0319826358167837
GRV8B9-S,2007-04-30,0.0196013489091218,1.1551314508276531,0.0169689336179683
H8NJCD-S,2007-04-30,0.0638133845123817,1.1551314508276531,0.055243396296291
T67ZN6-S,2007-04-30,0.0327497680184439,1.1551314508276531,0.0283515508083332
GRV8B9-S,2007-05-31,0.0194408725053079,1.194313534566699,0.0162778633437836
H8NJCD-S,2007-05-31,0.0649076242956436,1.194313534566699,0.0543472232517169
T67ZN6-S,2007-05-31,0.0334704903521955,1.194313534566699,0.0280248773738788
GRV8B9-S,2007-06-30,0.0202265596553791,1.1718013631937685,0.0172610822027474
H8NJCD-S,2007-06-30,0.0702565151499433,1.1718013631937685,0.0599559937005516
T67ZN6-S,2007-06-30,0.0328746770926526,1.1718013631937685,0.0280548206592387
GRV8B9-S,2007-07-31,0.020777187889046,1.135111976630964,0.0183040865718932
H8NJCD-S,2007-07-31,0.0721090104778752,1.135111976630964,0.0635259004947655
T67ZN6-S,2007-07-31,0.0382820604771024,1.135111976630964,0.0337253603743345
GRV8B9-S,2007-08-31,0.021038710592359,1.1496786757546251,0.018299644097121
H8NJCD-S,2007-08-31,0.0716202318947548,1.1496786757546251,0.0622958687545846
T67ZN6-S,2007-08-31,0.0355319437415578,1.1496786757546251,0.0309059778970288
GRV8B9-S,2007-09-30,0.0237057461591745,1.1885491723466408,0.0199451118310658
H8NJCD-S,2007-09-30,0.0758221671022706,1.1885491723466408,0.063793883220304
T67ZN6-S,2007-09-30,0.0382639138803651,1.1885491723466408,0.0321937996093319
GRV8B9-S,2007-10-31,0.0226635568642209,1.2046738072054528,0.0188130236821491
H8NJCD-S,2007-10-31,0.0657504429811096,1.2046738072054528,0.0545794575990943
T67ZN6-S,2007-10-31,0.0305171317331926,1.2046738072054528,0.0253322779582839
GRV8B9-S,2007-11-30,0.0208359526181471,1.1580136319376826,0.0179928388090585
H8NJCD-S,2007-11-30,0.0663192783001695,1.1580136319376826,0.0572698597590762
T67ZN6-S,2007-11-30,0.0189269003970505,1.1580136319376826,0.0163442811682454
GRV8B9-S,2007-12-31,0.02457185297712,1.1389289191820835,0.0215745272275342
H8NJCD-S,2007-12-31,0.0694154506354953,1.1389289191820835,0.0609480095433398
T67ZN6-S,2007-12-31,0.0194900497824661,1.1389289191820835,0.0171126129596066
GRV8B9-S,2008-01-31,0.0200654178763515,1.070068159688413,0.0187515325025597
H8NJCD-S,2008-01-31,0.046253860423818,1.070068159688413,0.0432251534680616
T67ZN6-S,2008-01-31,0.0157300749384883,1.070068159688413,0.0147000682116068
GRV8B9-S,2008-02-29,0.0218753896792622,1.042414800389484,0.0209853022722708
H8NJCD-S,2008-02-29,0.0556201960854705,1.042414800389484,0.053357066749905
T67ZN6-S,2008-02-29,0.0177921332144086,1.042414800389484,0.0170681893692998
GRV8B9-S,2008-03-31,0.0245204073753697,1.028003894839338,0.0238524459863081
H8NJCD-S,2008-03-31,0.0568095240356361,1.028003894839338,0.0552619735400075
T67ZN6-S,2008-03-31,0.0177355763212438,1.028003894839338,0.0172524407838121
GRV8B9-S,2008-04-30,0.0254502087478633,1.0770009737098345,0.0236306274266379
H8NJCD-S,2008-04-30,0.0551462674673469,1.0770009737098345,0.051203544670336
T67ZN6-S,2008-04-30,0.0199458318038524,1.0770009737098345,0.0185197899451725
GRV8B9-S,2008-05-31,0.0240067377103912,1.0932814021421615,0.0219584250343532
H8NJCD-S,2008-05-31,0.0645232491324187,1.0932814021421615,0.0590179701273549
T67ZN6-S,2008-05-31,0.0203910283104753,1.0932814021421615,0.0186512166680247
GRV8B9-S,2008-06-30,0.0234546577489854,0.9969230769230768,0.0235270486679637
H8NJCD-S,2008-06-30,0.0546940240323244,0.9969230769230768,0.0548628327484735
T67ZN6-S,2008-06-30,0.0222078050871624,0.9969230769230768,0.0222763476954562
GRV8B9-S,2008-07-31,0.0235091580278532,0.9879649464459592,0.0237955386093642
H8NJCD-S,2008-07-31,0.057429351291528,0.9879649464459592,0.0581289361511465
T67ZN6-S,2008-07-31,0.0216827635548953,0.9879649464459592,0.0219468956190151
GRV8B9-S,2008-08-31,0.0192354227859133,1.003232716650438,0.0191734404856093
H8NJCD-S,2008-08-31,0.0610206535188322,1.003232716650438,0.0608240266750531
T67ZN6-S,2008-08-31,0.0212484550063148,1.003232716650438,0.0211799861125527
GRV8B9-S,2008-09-30,0.0143233810037372,0.903524829600779,0.0158527807255347
H8NJCD-S,2008-09-30,0.0529523439218019,0.903524829600779,0.0586064070261343
T67ZN6-S,2008-09-30,0.0146815040903487,0.903524829600779,0.016249142922653
GRV8B9-S,2008-10-31,0.0123543542804237,0.7542745861733203,0.0163791204249654
H8NJCD-S,2008-10-31,0.0424355442713296,0.7542745861733203,0.0562600743140755
T67ZN6-S,2008-10-31,0.004851795081008,0.7542745861733203,0.0064323989830053
GRV8B9-S,2008-11-30,0.0129488065452112,0.7017721518987342,0.0184515821982628
H8NJCD-S,2008-11-30,0.0422957852321241,0.7017721518987342,0.0602699681337988
T67ZN6-S,2008-11-30,0.0043161680339774,0.7017721518987342,0.0061503837425003
GRV8B9-S,2008-12-31,0.0112320780052026,0.7029406037000974,0.0159787013953667
H8NJCD-S,2008-12-31,0.0479872838328249,0.7029406037000974,0.0682664845084098
T67ZN6-S,2008-12-31,0.0045360442977782,0.7029406037000974,0.0064529553050452
GRV8B9-S,2009-01-31,0.0115964919120164,0.6452190847127556,0.0179729524230968
H8NJCD-S,2009-01-31,0.0485086355570888,0.6452190847127556,0.0751816502431641
T67ZN6-S,2009-01-31,0.0065639264831765,0.6452190847127556,0.0101731747226583
GRV8B9-S,2009-02-28,0.0132975236458472,0.5758909444985395,0.023090350304824
H8NJCD-S,2009-02-28,0.0450622943933881,0.5758909444985395,0.078247964868811
T67ZN6-S,2009-02-28,0.0072922098989019,0.5758909444985395,0.0126624840493918
GRV8B9-S,2009-03-31,0.0147815220826994,0.6194352482960077,0.0238629011238246
H8NJCD-S,2009-03-31,0.0436694523608132,0.6194352482960077,0.0704988172386745
T67ZN6-S,2009-03-31,0.0094961140726525,0.6194352482960077,0.015330277214245
GRV8B9-S,2009-04-30,0.0165559870446606,0.6809737098344694,0.0243122264568555
H8NJCD-S,2009-04-30,0.0412676897939698,0.6809737098344694,0.0606010029432725
T67ZN6-S,2009-04-30,0.0137965550561242,0.6809737098344694,0.0202600406695258
GRV8B9-S,2009-05-31,0.0211540927032806,0.7207789678675754,0.0293489317062969
H8NJCD-S,2009-05-31,0.0479530170093192,0.7207789678675754,0.0665294343301779
T67ZN6-S,2009-05-31,0.0176926293756321,0.7207789678675754,0.0245465394585191
GRV8B9-S,2009-06-30,0.0206279018865534,0.7162609542356378,0.0287994225632006
H8NJCD-S,2009-06-30,0.0491046000382711,0.7162609542356378,0.0685568573128119
T67ZN6-S,2009-06-30,0.0202990855536727,0.7162609542356378,0.0283403491892631
GRV8B9-S,2009-07-31,0.021126177188633,0.7696981499513146,0.0274473534722271
H8NJCD-S,2009-07-31,0.0540750738619414,0.7696981499513146,0.0702549094932368
T67ZN6-S,2009-07-31,0.0189154075524502,0.7696981499513146,0.0245750981130027
GRV8B9-S,2009-08-31,0.023122272585413,0.7981304771178188,0.0289705420959633
H8NJCD-S,2009-08-31,0.0519538879249853,0.7981304771178188,0.0650944794297286
T67ZN6-S,2009-08-31,0.0215103708858905,0.7981304771178188,0.0269509453686921
GRV8B9-S,2009-09-30,0.0239773704680046,0.8225121713729309,0.0291513868153243
H8NJCD-S,2009-09-30,0.0568586105798106,0.8225121713729309,0.0691279868660213
T67ZN6-S,2009-09-30,0.021855761110458,0.8225121713729309,0.0265719607212335
GRV8B9-S,2009-10-31,0.0244166995750157,0.806699123661149,0.0302674179986737
H8NJCD-S,2009-10-31,0.0558225911277477,0.806699123661149,0.069198774971269
T67ZN6-S,2009-10-31,0.0221343113703762,0.806699123661149,0.0274381249726926
GRV8B9-S,2009-11-30,0.0235401887082741,0.8563972736124634,0.0274874633929842
H8NJCD-S,2009-11-30,0.0612598861524862,0.8563972736124634,0.0715320891834221
T67ZN6-S,2009-11-30,0.022634854997048,0.8563972736124634,0.0264303211774243
GRV8B9-S,2009-12-31,0.0239462188102722,0.8680817916260954,0.0275852103353257
H8NJCD-S,2009-12-31,0.0627728888997902,0.8680817916260954,0.0723121824525356
T67ZN6-S,2009-12-31,0.0220254317899521,0.8680817916260954,0.025372530563847
GRV8B9-S,2010-01-31,0.0230929658316822,0.8365335929892892,0.027605545103289
H8NJCD-S,2010-01-31,0.0625555834038605,0.8365335929892892,0.0747795234143831
T67ZN6-S,2010-01-31,0.0273523652621997,0.8365335929892892,0.0326972706074577
GRV8B9-S,2010-02-28,0.0245620538148819,0.8626290165530671,0.0284734843641454
H8NJCD-S,2010-02-28,0.0622233797062555,0.8626290165530671,0.0721322590734202
T67ZN6-S,2010-02-28,0.0264042055826734,0.8626290165530671,0.0306089930619081
GRV8B9-S,2010-03-31,0.025476642290444,0.9113924050632912,0.0279535380686817
H8NJCD-S,2010-03-31,0.0670642565848933,0.9113924050632912,0.0735843926417579
T67ZN6-S,2010-03-31,0.0269032369929504,0.9113924050632912,0.0295188294783761
GRV8B9-S,2010-04-30,0.0291938516547775,0.9255073028237584,0.0315436210667447
H8NJCD-S,2010-04-30,0.0726574308756056,0.9255073028237584,0.0785055187073349
T67ZN6-S,2010-04-30,0.0281952746806493,0.9255073028237584,0.0304646701269936
GRV8B9-S,2010-05-31,0.0249507841613237,0.8519493670886076,0.029286698394517
H8NJCD-S,2010-05-31,0.0647518962513093,0.8519493670886076,0.0760043950412076
T67ZN6-S,2010-05-31,0.0243445668529848,0.8519493670886076,0.0285751334450523
GRV8B9-S,2010-06-30,0.0223234593970351,0.8040506329113924,0.0277637483055065
H8NJCD-S,2010-06-30,0.0650009280472014,0.8040506329113924,0.0808418343156315
T67ZN6-S,2010-06-30,0.0202074452401491,0.8040506329113924,0.0251320556355759
GRV8B9-S,2010-07-31,0.0261443765617225,0.8589678675754625,0.0304369669095051
H8NJCD-S,2010-07-31,0.0772560204434719,0.8589678675754625,0.0899405243895049
T67ZN6-S,2010-07-31,0.0228030134601473,0.8589678675754625,0.0265469924090543
GRV8B9-S,2010-08-31,0.0230665625334294,0.8203310613437196,0.0281186018918336
H8NJCD-S,2010-08-31,0.0712591146196816,0.8203310613437196,0.0868662884749941
T67ZN6-S,2010-08-31,0.0231242082223984,0.8203310613437196,0.0281888731416806
GRV8B9-S,2010-09-30,0.0268553904662196,0.8890360272638753,0.0302073140375093
H8NJCD-S,2010-09-30,0.0770693826960283,0.8890360272638753,0.0866887058933027
T67ZN6-S,2010-09-30,0.0264680211145331,0.8890360272638753,0.0297715956416208
GRV8B9-S,2010-10-31,0.0297867312145145,0.9229990262901656,0.0322716821644299
H8NJCD-S,2010-10-31,0.0805049568789982,0.9229990262901656,0.087221063712899
T67ZN6-S,2010-10-31,0.0298895619293594,0.9229990262901656,0.0323830915071442
GRV8B9-S,2010-11-30,0.0262989855659247,0.9230223953261928,0.0284922507829626
H8NJCD-S,2010-11-30,0.0791837334148801,0.9230223953261928,0.0857874454789332
T67ZN6-S,2010-11-30,0.0281254102832106,0.9230223953261928,0.0304709944478337
GRV8B9-S,2010-12-31,0.0315836677121021,0.979552093476144,0.0322429689267683
H8NJCD-S,2010-12-31,0.0837381057753631,0.979552093476144,0.0854861179237553
T67ZN6-S,2010-12-31,0.0316863774496355,0.979552093476144,0.0323478227045484
GRV8B9-S,2011-01-31,0.0337738107166602,1.0023758519961052,0.0336937593312966
H8NJCD-S,2011-01-31,0.0838219732966175,1.0023758519961052,0.0836232967201839
T67ZN6-S,2011-01-31,0.0340357568405637,1.0023758519961052,0.0339550845850744
GRV8B9-S,2011-02-28,0.0351034723482612,1.0371957156767284,0.0338445982929631
H8NJCD-S,2011-02-28,0.0846578962753233,1.0371957156767284,0.0816219108850516
T67ZN6-S,2011-02-28,0.0355086556090782,1.0371957156767284,0.03423525094867
GRV8B9-S,2011-03-31,0.0360848705441447,1.0328334956183058,0.034937742334298
H8NJCD-S,2011-03-31,0.0927344625738691,1.0328334956183058,0.0897864592572626
T67ZN6-S,2011-03-31,0.0375610357000719,1.0328334956183058,0.0363669806018307
GRV8B9-S,2011-04-30,0.0392554741704215,1.0627458617332035,0.0369377812550602
H8NJCD-S,2011-04-30,0.1046922532269261,1.0627458617332035,0.0985110899949178
T67ZN6-S,2011-04-30,0.0400059871671502,1.0627458617332035,0.0376439830138745
GRV8B9-S,2011-05-31,0.0358757007724189,1.050827653359299,0.0341404231776077
H8NJCD-S,2011-05-31,0.1014190003517717,1.050827653359299,0.0965134482591453
T67ZN6-S,2011-05-31,0.0298218146348733,1.050827653359299,0.0283793584414519
GRV8B9-S,2011-06-30,0.0298754075839043,1.028003894839338,0.0290615704219422
H8NJCD-S,2011-06-30,0.0984119278064263,1.028003894839338,0.0957310845809652
T67ZN6-S,2011-06-30,0.0243850942523649,1.028003894839338,0.0237208189334496
GRV8B9-S,2011-07-31,0.027408468490446,1.0074391431353458,0.0272060785777546
H8NJCD-S,2011-07-31,0.0988126953953706,1.0074391431353458,0.0980830416096861
T67ZN6-S,2011-07-31,0.0175662080850286,1.0074391431353458,0.017436495499231
GRV8B9-S,2011-08-31,0.0237476647976377,0.9520545277507304,0.0249435973522888
H8NJCD-S,2011-08-31,0.0887974374343906,0.9520545277507304,0.0932692769648166
T67ZN6-S,2011-08-31,0.017686278066774,0.9520545277507304,0.0185769591459836
GRV8B9-S,2011-09-30,0.016999883045184,0.8814021421616359,0.0192873175954529
H8NJCD-S,2011-09-30,0.0866522979897411,0.8814021421616359,0.0983118758677244
T67ZN6-S,2011-09-30,0.0132805868222257,0.8814021421616359,0.0150675681246418
GRV8B9-S,2011-10-31,0.0186475032959512,0.9776046738072056,0.0190746871363963
H8NJCD-S,2011-10-31,0.0913350877664687,0.9776046738072056,0.0934274254344257
T67ZN6-S,2011-10-31,0.0136565238179677,0.9776046738072056,0.0139693724711681
GRV8B9-S,2011-11-30,0.0178259463729958,0.9736319376825704,0.0183087116219965
H8NJCD-S,2011-11-30,0.0970652083738922,0.9736319376825704,0.0996939445155485
T67ZN6-S,2011-11-30,0.0130967013086206,0.9736319376825704,0.0134513883550218
GRV8B9-S,2011-12-31,0.0152033699681868,0.9776046738072056,0.015551654339968
H8NJCD-S,2011-12-31,0.0936592433879321,0.9776046738072056,0.0958048236647472
T67ZN6-S,2011-12-31,0.0131054721637103,0.9776046738072056,0.013405697123636
GRV8B9-S,2012-01-31,0.0165210246016133,1.0229406037000974,0.0161505218796232
H8NJCD-S,2012-01-31,0.0852080405997438,1.0229406037000974,0.0832971536094434
T67ZN6-S,2012-01-31,0.0164383970978026,1.0229406037000974,0.0160697473913373
GRV8B9-S,2012-02-29,0.0177947947152634,1.0673417721518987,0.0166720681037216
H8NJCD-S,2012-02-29,0.09033436344506,1.0673417721518987,0.0846348993377578
T67ZN6-S,2012-02-29,0.0163255857547521,1.0673417721518987,0.0152955559134893
GRV8B9-S,2012-03-31,0.0154295672965179,1.0968646543330087,0.0140669746586924
H8NJCD-S,2012-03-31,0.0879738541414662,1.0968646543330087,0.080204840035585
T67ZN6-S,2012-03-31,0.015588531483937,1.0968646543330087,0.0142119006409375
GRV8B9-S,2012-04-30,0.0158392872065192,1.0895423563777995,0.01453755984226
H8NJCD-S,2012-04-30,0.0793163245483743,1.0895423563777995,0.0727978348745088
T67ZN6-S,2012-04-30,0.0155014278195977,1.0895423563777995,0.0142274669074202
GRV8B9-S,2012-05-31,0.0143501169895969,1.0241090555014605,0.0140122938201833
H8NJCD-S,2012-05-31,0.0810763024772735,1.0241090555014605,0.0791676453222788
T67ZN6-S,2012-05-31,0.0147559051369718,1.0241090555014605,0.0144085291089888
GRV8B9-S,2012-06-30,0.0160266508178323,1.0602142161635832,0.0151164270139908
H8NJCD-S,2012-06-30,0.0783703122161286,1.0602142161635832,0.0739193183993645
T67ZN6-S,2012-06-30,0.0214501846733783,1.0602142161635832,0.0202319345905363
GRV8B9-S,2012-07-31,0.0156372853405047,1.0727166504381695,0.014577274748292
H8NJCD-S,2012-07-31,0.0747329781217673,1.0727166504381695,0.0696670253894552
T67ZN6-S,2012-07-31,0.020263094803477,1.0727166504381695,0.0188895127107426
GRV8B9-S,2012-08-31,0.0189010717410277,1.099591041869523,0.0171891830883708
H8NJCD-S,2012-08-31,0.0840589376056793,1.099591041869523,0.0764456369731445
T67ZN6-S,2012-08-31,0.0234333052534911,1.099591041869523,0.0213109277551496
GRV8B9-S,2012-09-30,0.017962318047477,1.1214800389483934,0.0160166185965469
H8NJCD-S,2012-09-30,0.0834581945206895,1.1214800389483934,0.0744179045745191
T67ZN6-S,2012-09-30,0.0244604026288248,1.1214800389483934,0.0218108230011488
GRV8B9-S,2012-10-31,0.0187525720910604,1.1010710808179165,0.017031209354014
H8NJCD-S,2012-10-31,0.083536255130988,1.1010710808179165,0.07586817652947
T67ZN6-S,2012-10-31,0.0237321192130994,1.1010710808179165,0.0215536668127459
GRV8B9-S,2012-11-30,0.0218950787367222,1.1073417721518988,0.0197726476931991
H8NJCD-S,2012-11-30,0.0833119027066586,1.1073417721518988,0.0752359432307502
T67ZN6-S,2012-11-30,0.026434449910569,1.1073417721518988,0.023871988373742
GRV8B9-S,2012-12-31,0.0242004526305624,1.109328140214216,0.0218154139909307
H8NJCD-S,2012-12-31,0.0853251163930275,1.109328140214216,0.0769160298922471
T67ZN6-S,2012-12-31,0.0277195314028519,1.109328140214216,0.0249876753306728
GRV8B9-S,2013-01-31,0.0287280890051857,1.1661148977604674,0.0246357276288625
H8NJCD-S,2013-01-31,0.0992618539089478,1.1661148977604674,0.0851218469977366
T67ZN6-S,2013-01-31,0.0302198299899791,1.1661148977604674,0.0259149677686277
GRV8B9-S,2013-02-28,0.030922496459977,1.1809931840311587,0.0261834673375737
H8NJCD-S,2013-02-28,0.1055873341109956,1.1809931840311587,0.0894055406404529
T67ZN6-S,2013-02-28,0.0319531324216745,1.1809931840311587,0.0270561531207207
GRV8B9-S,2013-03-31,0.0269845035020058,1.2204089581304771,0.0221110336188804
H8NJCD-S,2013-03-31,0.1022770016898413,1.2204089581304771,0.0838055153630776
T67ZN6-S,2013-03-31,0.0279657202319219,1.2204089581304771,0.0229150401147187
GRV8B9-S,2013-04-30,0.0304699808260034,1.2438558909444986,0.0244963914612862
H8NJCD-S,2013-04-30,0.1045591176955298,1.2438558909444986,0.0840604755396019
T67ZN6-S,2013-04-30,0.0315206385327678,1.2438558909444986,0.0253410694616988
GRV8B9-S,2013-05-31,0.0307045255888336,1.2731840311587146,0.0241163294837193
H8NJCD-S,2013-05-31,0.1045636241003862,1.2731840311587146,0.082127659113996
T67ZN6-S,2013-05-31,0.0314495643622132,1.2731840311587146,0.0247015070818876
GRV8B9-S,2013-06-30,0.0309315697583457,1.2496202531645568,0.0247527756372499
H8NJCD-S,2013-06-30,0.0976877878636226,1.2496202531645568,0.0781739793479152
T67ZN6-S,2013-06-30,0.0307318664612512,1.2496202531645568,0.02459296444934
GRV8B9-S,2013-07-31,0.0304281831648517,1.3141966893865629,0.0231534468246567
H8NJCD-S,2013-07-31,0.1034809074060525,1.3141966893865629,0.0787408066401043
T67ZN6-S,2013-07-31,0.0303771004950361,1.3141966893865629,0.0231145769429806
GRV8B9-S,2013-08-31,0.0296101648282601,1.2747809152872445,0.0232276499225658
H8NJCD-S,2013-08-31,0.1099677108530954,1.2747809152872445,0.0862640078262518
T67ZN6-S,2013-08-31,0.0280555458857718,1.2747809152872445,0.0220081313967977
GRV8B9-S,2013-09-30,0.0343214145175374,1.3087439143135344,0.0262246984625253
H8NJCD-S,2013-09-30,0.1157701154041892,1.3087439143135344,0.0884589522350622
T67ZN6-S,2013-09-30,0.0322849126986889,1.3087439143135344,0.0246686248895553
GRV8B9-S,2013-10-31,0.0369934101541278,1.3693476144109056,0.0270153537091766
H8NJCD-S,2013-10-31,0.1186344044775396,1.3693476144109056,0.0866357112168164
T67ZN6-S,2013-10-31,0.0354932310018515,1.3693476144109056,0.0259198107393065
GRV8B9-S,2013-11-30,0.0373359271675452,1.4099318403115872,0.0264806610504619
H8NJCD-S,2013-11-30,0.1172033941031605,1.4099318403115872,0.0831269929170896
T67ZN6-S,2013-11-30,0.0349376426984098,1.4099318403115872,0.0247796678530848
GRV8B9-S,2013-12-31,0.0368226506788294,1.4386757546251216,0.02559482257239
H8NJCD-S,2013-12-31,0.1281999595270404,1.4386757546251216,0.0891096962709611
T67ZN6-S,2013-12-31,0.0367480681662389,1.4386757546251216,0.0255429814870373
GRV8B9-S,2014-01-31,0.036905308426968,1.3879649464459591,0.0265895104350208
H8NJCD-S,2014-01-31,0.130528651797688,1.3879649464459591,0.0940431904508261
T67ZN6-S,2014-01-31,0.0346933895063251,1.3879649464459591,0.0249958686602003
GRV8B9-S,2014-02-28,0.0392504838563187,1.451139240506329,0.0270480480168281
H8NJCD-S,2014-02-28,0.1407793316070072,1.451139240506329,0.0970129727577946
T67ZN6-S,2014-02-28,0.0334954419227093,1.451139240506329,0.0230821695036116
GRV8B9-S,2014-03-31,0.0433176805830598,1.4567478091528725,0.0297358817434912
H8NJCD-S,2014-03-31,0.1330482462660126,1.4567478091528725,0.0913323812330857
T67ZN6-S,2014-03-31,0.034250007659376,1.4567478091528725,0.023511281392826
GRV8B9-S,2014-04-30,0.0436697245597643,1.4668743914313536,0.029770595774838
H8NJCD-S,2014-04-30,0.1447871284737614,1.4668743914313536,0.0987045171144343
T67ZN6-S,2014-04-30,0.0369669161228912,1.4668743914313536,0.025201146286847
GRV8B9-S,2014-05-31,0.0480992785790222,1.5009152872444012,0.032046631137544
H8NJCD-S,2014-05-31,0.1474486595728998,1.5009152872444012,0.0982391616808751
T67ZN6-S,2014-05-31,0.0363529260222832,1.5009152872444012,0.0242205048687492
GRV8B9-S,2014-06-30,0.052737699926727,1.5245959104186952,0.0345912641942243
H8NJCD-S,2014-06-30,0.1516882187243178,1.5245959104186952,0.0994940480213279
T67ZN6-S,2014-06-30,0.0412783357973891,1.5245959104186952,0.0270749354076733
GRV8B9-S,2014-07-31,0.0590667187151386,1.504109055501461,0.0392702367551707
H8NJCD-S,2014-07-31,0.1498157621399749,1.504109055501461,0.0996043216361245
T67ZN6-S,2014-07-31,0.0412026644889944,1.504109055501461,0.0273934023189945
GRV8B9-S,2014-08-31,0.0564044919964586,1.563466407010711,0.0360765615068774
H8NJCD-S,2014-08-31,0.1412817503820085,1.563466407010711,0.0903644298006593
T67ZN6-S,2014-08-31,0.0411262370724022,1.563466407010711,0.0263045223664473
GRV8B9-S,2014-09-30,0.0534464455066319,1.5347224926971763,0.0348248271338639
H8NJCD-S,2014-09-30,0.1312382139744461,1.5347224926971763,0.0855126673381866
T67ZN6-S,2014-09-30,0.0423333486873704,1.5347224926971763,0.0275837155504069
GRV8B9-S,2014-10-31,0.0544317149764861,1.5708666017526778,0.0346507557775781
H8NJCD-S,2014-10-31,0.1402545622736911,1.5708666017526778,0.0892848330451507
R6KCBR-S,2014-10-31,2.51257091879032,1.5708666017526778,1.599480768123115
T67ZN6-S,2014-10-31,0.0427837774627192,1.5708666017526778,0.027235780183361
GRV8B9-S,2014-11-30,0.0520199717814371,1.6140214216163582,0.0322300380185424
H8NJCD-S,2014-11-30,0.1332154973992751,1.6140214216163582,0.0825363874451348
R6KCBR-S,2014-11-30,2.929433208290176,1.6140214216163582,1.814990290126696
T67ZN6-S,2014-11-30,0.0429542647390666,1.6140214216163582,0.0266131937059733
GRV8B9-S,2014-12-31,0.052035638343287,1.6010905550146055,0.0325001219826772
H8NJCD-S,2014-12-31,0.1283806996305443,1.6010905550146055,0.080183284592153
R6KCBR-S,2014-12-31,2.559759933832669,1.6010905550146055,1.5987602486414758
T67ZN6-S,2014-12-31,0.0419958219880558,1.6010905550146055,0.0262295107897084
GRV8B9-S,2015-01-31,0.0466317935452011,1.55365141187926,0.03001432186696
H8NJCD-S,2015-01-31,0.1379514264601152,1.55365141187926,0.088791749169302
R6KCBR-S,2015-01-31,2.4809147554242523,1.55365141187926,1.59682843683925
T67ZN6-S,2015-01-31,0.0396077601017491,1.55365141187926,0.0254933376939686
GRV8B9-S,2015-02-28,0.0497449329484762,1.6409737098344692,0.0303142778280672
H8NJCD-S,2015-02-28,0.1470631956138708,1.6409737098344692,0.0896194708864077
R6KCBR-S,2015-02-28,2.5794077985180945,1.6409737098344692,1.5718763701450698
T67ZN6-S,2015-02-28,0.0383491726407027,1.6409737098344692,0.023369766627505
GRV8B9-S,2015-03-31,0.0435326875100694,1.6080233690360273,0.0270721734200705
H8NJCD-S,2015-03-31,0.1382647576971134,1.6080233690360273,0.0859842962232569
R6KCBR-S,2015-03-31,2.3457467447046945,1.6080233690360273,1.4587765264325203
T67ZN6-S,2015-03-31,0.0347323139563267,1.6080233690360273,0.0215993838305645
GRV8B9-S,2015-04-30,0.0491663589558339,1.6238364167478092,0.0302779014245187
H8NJCD-S,2015-04-30,0.1397778209330732,1.6238364167478092,0.086078757374476
R6KCBR-S,2015-04-30,2.740713380825598,1.6238364167478092,1.68780140201231
T67ZN6-S,2015-04-30,0.036944988985167,1.6238364167478092,0.0227516691977876
GRV8B9-S,2015-05-31,0.048870629917671,1.6447127555988317,0.0297137781362177
H8NJCD-S,2015-05-31,0.1452058611934756,1.6447127555988317,0.0882864565251133
R6KCBR-S,2015-05-31,2.856122167244419,1.6447127555988317,1.7365477087240802
T67ZN6-S,2015-05-31,0.0347718432928862,1.6447127555988317,0.0211415903321221
GRV8B9-S,2015-06-30,0.0442084365282402,1.6035053554040894,0.0275698714564627
H8NJCD-S,2015-06-30,0.1436936447986969,1.6035053554040894,0.0896122013652306
M9H31F-S,2015-06-30,0.0911078016423335,1.6035053554040894,0.056817896700678
R6KCBR-S,2015-06-30,2.8472421603753277,1.6035053554040894,1.7756362027601782
T67ZN6-S,2015-06-30,0.0345594676224035,1.6035053554040894,0.0215524491427061
GRV8B9-S,2015-07-31,0.047995933710603,1.6397273612463483,0.0292706792878796
H8NJCD-S,2015-07-31,0.158844813056936,1.6397273612463483,0.0968726977490934
M9H31F-S,2015-07-31,0.0993404589171484,1.6397273612463483,0.0605835221543416
R6KCBR-S,2015-07-31,2.8751666273439995,1.6397273612463483,1.7534418802151353
T67ZN6-S,2015-07-31,0.037541013955005,1.6397273612463483,0.0228946682492816
GRV8B9-S,2015-08-31,0.045445217828874,1.5397857838364166,0.0295139871441377
H8NJCD-S,2015-08-31,0.1315829388237999,1.5397857838364166,0.0854553537284631
M9H31F-S,2015-08-31,0.0930544778073322,1.5397857838364166,0.0604333919589025
R6KCBR-S,2015-08-31,2.709979125062443,1.5397857838364166,1.7599715190969352
T67ZN6-S,2015-08-31,0.0359954985552133,1.5397857838364166,0.0233769521274119
GRV8B9-S,2015-09-30,0.0476888932938072,1.4927361246348587,0.0319473030141027
H8NJCD-S,2015-09-30,0.1316436694342142,1.4927361246348587,0.0881895113688736
M9H31F-S,2015-09-30,0.0953777865876144,1.4927361246348587,0.0638946060282054
R6KCBR-S,2015-09-30,2.5198453147800914,1.4927361246348587,1.6880715038610563
T67ZN6-S,2015-09-30,0.0384347640886472,1.4927361246348587,0.0257478622338886
GRV8B9-S,2015-10-31,0.0496816618145187,1.6197078870496593,0.0306732233705518
H8NJCD-S,2015-10-31,0.1408911146429093,1.6197078870496593,0.0869855087879742
M9H31F-S,2015-10-31,0.0947167968014566,1.6197078870496593,0.0584777030221083
R6KCBR-S,2015-10-31,2.7773391106854994,1.6197078870496593,1.7147160502777423
T67ZN6-S,2015-10-31,0.0407103473195102,1.6197078870496593,0.0251343761705483
GRV8B9-S,2015-11-30,0.050860071562314,1.6256280428432326,0.031286413756347
H8NJCD-S,2015-11-30,0.1453642507386648,1.6256280428432326,0.0894203636426091
M9H31F-S,2015-11-30,0.1055520692246694,1.6256280428432326,0.0649300248536917
R6KCBR-S,2015-11-30,2.975350721543468,1.6256280428432326,1.830277679228246
T67ZN6-S,2015-11-30,0.0409319172656732,1.6256280428432326,0.0251791407301777
GRV8B9-S,2015-12-31,0.0531239502382814,1.5880817916260954,0.0334516462051276
H8NJCD-S,2015-12-31,0.14623970305393,1.5880817916260954,0.0920857501326741
M9H31F-S,2015-12-31,0.0966856118144748,1.5880817916260954,0.0608820101863109
R6KCBR-S,2015-12-31,2.993367055960566,1.5880817916260954,1.8848947653354475
T67ZN6-S,2015-12-31,0.0409911356596927,1.5880817916260954,0.0258117282597393
GRV8B9-S,2016-01-31,0.0590841394480065,1.5090243427458618,0.0391538676841325
H8NJCD-S,2016-01-31,0.1254178140482544,1.5090243427458618,0.0831118561149522
M9H31F-S,2016-01-31,0.0844851406743837,1.5090243427458618,0.055986598944224
R6KCBR-S,2016-01-31,2.707575910767861,1.5090243427458618,1.7942559533805016
T67ZN6-S,2016-01-31,0.0408217674234775,1.5090243427458618,0.0270517620340021
GRV8B9-S,2016-02-29,0.062447429687306,1.5077702044790653,0.0414170737038019
H8NJCD-S,2016-02-29,0.1299665912080767,1.5077702044790653,0.0861978773834307
M9H31F-S,2016-02-29,0.0793082190684982,1.5077702044790653,0.0525996725713911
R6KCBR-S,2016-02-29,2.926032959482188,1.5077702044790653,1.9406358812436757
T67ZN6-S,2016-02-29,0.0432274919972752,1.5077702044790653,0.0286698144510756
GRV8B9-S,2016-03-31,0.0742281700448623,1.6009347614410907,0.0463655183413254
H8NJCD-S,2016-03-31,0.1361883938540985,1.6009347614410907,0.0850680472023155
M9H31F-S,2016-03-31,0.0837717979566387,1.6009347614410907,0.0523268030492579
R6KCBR-S,2016-03-31,3.1622422491424294,1.6009347614410907,1.9752474150139128
T67ZN6-S,2016-03-31,0.0466211475417818,1.6009347614410907,0.0291212038520642
GRV8B9-S,2016-04-30,0.0751192586776496,1.6072521908471276,0.0467376925073947
H8NJCD-S,2016-04-30,0.1449780306714382,1.6072521908471276,0.0902024159600151
M9H31F-S,2016-04-30,0.0859739782036992,1.6072521908471276,0.0534912807668255
R6KCBR-S,2016-04-30,3.1276053862849413,1.6072521908471276,1.945933192124932
T67ZN6-S,2016-04-30,0.0470622308198109,1.6072521908471276,0.0292811738492675
GRV8B9-S,2016-05-31,0.0907711520285279,1.6345861733203506,0.0555315794970561
H8NJCD-S,2016-05-31,0.1439397731391111,1.6345861733203506,0.0880588466294957
M9H31F-S,2016-05-31,0.0896862274982578,1.6345861733203506,0.0548678490997371
R6KCBR-S,2016-05-31,3.1274940266696296,1.6345861733203506,1.9133246553265044
T67ZN6-S,2016-05-31,0.0505208209363093,1.6345861733203506,0.0309074074899862
GRV8B9-S,2016-06-30,0.0893095041499905,1.6317429406037,0.0547325819083663
H8NJCD-S,2016-06-30,0.144338907534349,1.6317429406037,0.0884568910596589
M9H31F-S,2016-06-30,0.0861650316230155,1.6317429406037,0.0528055182461135
R6KCBR-S,2016-06-30,2.9400146098250333,1.6317429406037,1.8017633394738688
T67ZN6-S,2016-06-30,0.0504195629265149,1.6317429406037,0.0308992070208443
GRV8B9-S,2016-07-31,0.0942565688638697,1.6912950340798445,0.0557304118823658
H8NJCD-S,2016-07-31,0.1484604533183184,1.6912950340798445,0.0877791575844654
M9H31F-S,2016-07-31,0.0892295381470346,1.6912950340798445,0.0527581151419748
R6KCBR-S,2016-07-31,3.1514277848168093,1.6912950340798445,1.863322318882912
T67ZN6-S,2016-07-31,0.0515628287652955,1.6912950340798445,0.0304871874665844
GRV8B9-S,2016-08-31,0.0836504274687938,1.6933203505355403,0.0494002374933591
H8NJCD-S,2016-08-31,0.1309323228421103,1.6933203505355403,0.0773228307335353
M9H31F-S,2016-08-31,0.0873851482989788,1.6933203505355403,0.0516057982007609
R6KCBR-S,2016-08-31,3.1202377470322675,1.6933203505355403,1.8426742146253905
T67ZN6-S,2016-08-31,0.0467021116075583,1.6933203505355403,0.0275801986273819
GRV8B9-S,2016-09-30,0.0923340881611875,1.6849074975657254,0.0548006868594195
H8NJCD-S,2016-09-30,0.1330559585696259,1.6849074975657254,0.0789692957992405
M9H31F-S,2016-09-30,0.0810193524078462,1.6849074975657254,0.048085341494948
R6KCBR-S,2016-09-30,3.548031062497454,1.6849074975657254,2.1057720187152595
T67ZN6-S,2016-09-30,0.054151652500173,1.6849074975657254,0.0321392435955141
GRV8B9-S,2016-10-31,0.098304288243446,1.6556962025316455,0.0593733851011638
H8NJCD-S,2016-10-31,0.1121769682728834,1.6556962025316455,0.0677521444461604
M9H31F-S,2016-10-31,0.0681752214814815,1.6556962025316455,0.041176165879488
R6KCBR-S,2016-10-31,3.248291928898852,1.6556962025316455,1.9618888561392145
T67ZN6-S,2016-10-31,0.0549433582714955,1.6556962025316455,0.0331844442159644
GRV8B9-S,2016-11-30,0.09485601144276,1.7166893865628043,0.0552551976992663
H8NJCD-S,2016-11-30,0.1025450874123077,1.7166893865628043,0.0597342118003221
M9H31F-S,2016-11-30,0.0613899670067651,1.7166893865628043,0.035760672540582
R6KCBR-S,2016-11-30,3.072388347090319,1.7166893865628043,1.7897170980021766
T67ZN6-S,2016-11-30,0.0543912178214339,1.7166893865628043,0.0316837852247326
GRV8B9-S,2016-12-31,0.0906869518196666,1.7412268743914314,0.0520822146461311
H8NJCD-S,2016-12-31,0.1044675681149899,1.7412268743914314,0.0599965286841221
M9H31F-S,2016-12-31,0.0642995620833031,1.7412268743914314,0.0369277335590034
R6KCBR-S,2016-12-31,2.9483844553711824,1.7412268743914314,1.6932798928925672
T67ZN6-S,2016-12-31,0.0547073315365984,1.7412268743914314,0.0314188417036229
GRV8B9-S,2017-01-31,0.0857585781004269,1.7723855890944498,0.0483859599333815
H8NJCD-S,2017-01-31,0.1179132284788697,1.7723855890944498,0.0665279774358321
M9H31F-S,2017-01-31,0.0755395943467423,1.7723855890944498,0.0426202936942954
R6KCBR-S,2017-01-31,2.990111858949165,1.7723855890944498,1.6870549373383688
T67ZN6-S,2017-01-31,0.0535945217360087,1.7723855890944498,0.0302386354672356
GRV8B9-S,2017-02-28,0.076684281668934,1.842025316455696,0.0416304167938825
H8NJCD-S,2017-02-28,0.1166968318552375,1.842025316455696,0.063352458195188
M9H31F-S,2017-02-28,0.0736443940278219,1.842025316455696,0.0399801204521573
R6KCBR-S,2017-02-28,2.8972642825889663,1.842025316455696,1.5728688724885125
T67ZN6-S,2017-02-28,0.0530529365563826,1.842025316455696,0.0288014155301967
GRV8B9-S,2017-03-31,0.0652149671557184,1.8363388510223957,0.0355135802520376
H8NJCD-S,2017-03-31,0.1202334523377065,1.8363388510223957,0.0654745458719482
M9H31F-S,2017-03-31,0.0691940923996276,1.8363388510223957,0.0376804598786892
R6KCBR-S,2017-03-31,2.8191545555019863,1.8363388510223957,1.5352038943860502
T67ZN6-S,2017-03-31,0.0460941703725293,1.8363388510223957,0.0251011246355029
GRV8B9-S,2017-04-30,0.0719169892400662,1.8545666991236611,0.0387783244862798
H8NJCD-S,2017-04-30,0.1306345371896504,1.8545666991236611,0.0704393847098512
M9H31F-S,2017-04-30,0.067962785322343,1.8545666991236611,0.0366461801317027
R6KCBR-S,2017-04-30,2.796298100314447,1.8545666991236611,1.507790526830759
T67ZN6-S,2017-04-30,0.050416054584479,1.8545666991236611,0.0271848160588142
GRV8B9-S,2017-05-31,0.0821247825924294,1.8807400194741968,0.0436662067814079
H8NJCD-S,2017-05-31,0.1370523835690913,1.8807400194741968,0.0728715198007045
M9H31F-S,2017-05-31,0.0657141800319628,1.8807400194741968,0.0349405975049835
R6KCBR-S,2017-05-31,2.80570381409102,1.8807400194741968,1.4918084291498288
T67ZN6-S,2017-05-31,0.0531459076203336,1.8807400194741968,0.0282579766847263
GRV8B9-S,2017-06-30,0.0747745338282958,1.8835443037974684,0.0396988452448613
H8NJCD-S,2017-06-30,0.1321808994306233,1.8835443037974684,0.0701766871977099
M9H31F-S,2017-06-30,0.0666146746507256,1.8835443037974684,0.0353666619449417
R6KCBR-S,2017-06-30,2.480958791165668,1.8835443037974684,1.317175702298977
T67ZN6-S,2017-06-30,0.0515947970198812,1.8835443037974684,0.0273923989554476
GRV8B9-S,2017-07-31,0.0782768269986034,1.9222590068159688,0.0407212694652741
H8NJCD-S,2017-07-31,0.1391469847418273,1.9222590068159688,0.0723872195414032
M9H31F-S,2017-07-31,0.0704299966147523,1.9222590068159688,0.0366391814864806
R6KCBR-S,2017-07-31,2.5072776170106925,1.9222590068159688,1.3043391177361416
T67ZN6-S,2017-07-31,0.0560760688398405,1.9222590068159688,0.0291719631126738
GRV8B9-S,2017-08-31,0.0874692275305285,1.9278675754625123,0.0453709729048915
H8NJCD-S,2017-08-31,0.1536400969137145,1.9278675754625123,0.079694320745477
M9H31F-S,2017-08-31,0.0691978729406145,1.9278675754625123,0.0358934782769057
R6KCBR-S,2017-08-31,2.588059884132165,1.9278675754625123,1.34244691755411
T67ZN6-S,2017-08-31,0.0599066944337824,1.9278675754625123,0.0310740712672707
GRV8B9-S,2017-09-30,0.0854864093936946,1.9570009737098344,0.0436823540417766
H8NJCD-S,2017-09-30,0.1552383281770282,1.9570009737098344,0.0793246044649365
M9H31F-S,2017-09-30,0.0714286340775363,1.9570009737098344,0.0364990283791893
R6KCBR-S,2017-09-30,2.8221818917470216,1.9570009737098344,1.4420952925726382
T67ZN6-S,2017-09-30,0.059840489600019,1.9570009737098344,0.0305776493746863
GRV8B9-S,2017-10-31,0.0900835169894941,2.003115871470301,0.0449716954832833
H8NJCD-S,2017-10-31,0.1670455020771653,2.003115871470301,0.0833928303680968
M9H31F-S,2017-10-31,0.0707878172580849,2.003115871470301,0.0353388529671656
R6KCBR-S,2017-10-31,2.7853101242796896,2.003115871470301,1.390488769995743
T67ZN6-S,2017-10-31,0.0589590489078304,2.003115871470301,0.029433668689647
GRV8B9-S,2017-11-30,0.0889115190392127,2.064342745861733,0.0430701341710083
H8NJCD-S,2017-11-30,0.163972648118647,2.064342745861733,0.0794309222377695
M9H31F-S,2017-11-30,0.0755219014149234,2.064342745861733,0.0365839934121006
R6KCBR-S,2017-11-30,2.616305455130105,2.064342745861733,1.2673793924845371
T67ZN6-S,2017-11-30,0.0534125718593889,2.064342745861733,0.0258738874474512
GRV8B9-S,2017-12-31,0.0912578739973513,2.0787536514118794,0.0439002831987183
H8NJCD-S,2017-12-31,0.1729181037133048,2.0787536514118794,0.0831835477935828
M9H31F-S,2017-12-31,0.0806086646793522,2.0787536514118794,0.0387774013648049
R6KCBR-S,2017-12-31,2.691193647142632,2.0787536514118794,1.2946188430335583
T67ZN6-S,2017-12-31,0.0513972713143952,2.0787536514118794,0.024725041988254
GRV8B9-S,2018-01-31,0.0825815929209642,2.1959104186952287,0.0376069953573209
H8NJCD-S,2018-01-31,0.1683278010912819,2.1959104186952287,0.0766551311283906
M9H31F-S,2018-01-31,0.0916041110630999,2.1959104186952287,0.0417157777854751
R6KCBR-S,2018-01-31,3.2049148787001327,2.1959104186952287,1.4594925418699167
T67ZN6-S,2018-01-31,0.0525787962279637,2.1959104186952287,0.0239439622765691
GRV8B9-S,2018-02-28,0.1081373543731831,2.116066212268744,0.051103010740502
H8NJCD-S,2018-02-28,0.1560569211558499,2.116066212268744,0.0737486002333231
M9H31F-S,2018-02-28,0.074238967269921,2.116066212268744,0.0350834802991942
R6KCBR-S,2018-02-28,2.9583702251124646,2.116066212268744,1.398051822745491
T67ZN6-S,2018-02-28,0.0589195195712709,2.116066212268744,0.027843892232512
GRV8B9-S,2018-03-31,0.1241712940740383,2.049853943524829,0.0605756788020317
H8NJCD-S,2018-03-31,0.1566497099826031,2.049853943524829,0.0764199373703845
M9H31F-S,2018-03-31,0.0767758917381297,2.049853943524829,0.0374543230168436
R6KCBR-S,2018-03-31,2.661355409837712,2.049853943524829,1.298314652243649
T67ZN6-S,2018-03-31,0.0607712587910053,2.049853943524829,0.0296466287185837
GRV8B9-S,2018-04-30,0.141573850100824,2.060447906523856,0.0687102302623465
H8NJCD-S,2018-04-30,0.1429661477354968,2.060447906523856,0.0693859559772575
M9H31F-S,2018-04-30,0.0815465412873939,2.060447906523856,0.0395770943925341
R6KCBR-S,2018-04-30,2.256358998478438,2.060447906523856,1.0950817981538294
T67ZN6-S,2018-04-30,0.0659356592451421,2.060447906523856,0.0320006436641152
GRV8B9-S,2018-05-31,0.1319542786817017,2.110535540408958,0.0625217041624103
H8NJCD-S,2018-05-31,0.1539595677492755,2.110535540408958,0.0729481047826575
M9H31F-S,2018-05-31,0.0820556138145322,2.110535540408958,0.0388790485843381
R6KCBR-S,2018-05-31,2.354665585290804,2.110535540408958,1.1156720842684984
T67ZN6-S,2018-05-31,0.0605067721435585,2.110535540408958,0.0286689188526217
GRV8B9-S,2018-06-30,0.1268343978782273,2.1131840311587147,0.060020516911005
H8NJCD-S,2018-06-30,0.1534135971421045,2.1131840311587147,0.0725983136726543
M9H31F-S,2018-06-30,0.0853478903719329,2.1131840311587147,0.0403882904250106
R6KCBR-S,2018-06-30,2.0970552579900144,2.1131840311587147,0.9923675491907552
T67ZN6-S,2018-06-30,0.0601888135243924,2.1131840311587147,0.0284825233566568
GRV8B9-S,2018-07-31,0.1545013646391968,2.1914703018500488,0.0705012358637788
H8NJCD-S,2018-07-31,0.1593619305752946,2.1914703018500488,0.0727191832993404
M9H31F-S,2018-07-31,0.0983730336007526,2.1914703018500488,0.0448890562275499
R6KCBR-S,2018-07-31,1.589282480843016,2.1914703018500488,0.7252128762599871
T67ZN6-S,2018-07-31,0.0662069206220375,2.1914703018500488,0.0302111876972028
GRV8B9-S,2018-08-31,0.1461819363876495,2.261421616358325,0.0646416109805535
H8NJCD-S,2018-08-31,0.1661464894304693,2.261421616358325,0.073469930696967
M9H31F-S,2018-08-31,0.0987324874377915,2.261421616358325,0.0436594780573404
R6KCBR-S,2018-08-31,1.4446078007803702,2.261421616358325,0.6388051614659503
T67ZN6-S,2018-08-31,0.0655142347802451,2.261421616358325,0.0289703761148908
GRV8B9-S,2018-09-30,0.1508632441923102,2.264615384615385,0.0666176010360065
H8NJCD-S,2018-09-30,0.1660992175459686,2.264615384615385,0.0733454425304888
M9H31F-S,2018-09-30,0.1047352001725378,2.264615384615385,0.0462485598587972
R6KCBR-S,2018-09-30,1.334062423264469,2.264615384615385,0.5890900646208593
T67ZN6-S,2018-09-30,0.0700277168094133,2.264615384615385,0.0309225651672001
GRV8B9-S,2018-10-31,0.1601285637987916,2.108120740019474,0.0759579661444402
H8NJCD-S,2018-10-31,0.14950612071098,2.108120740019474,0.0709191451290398
M9H31F-S,2018-10-31,0.0960771261815438,2.108120740019474,0.0455747739480312
R6KCBR-S,2018-10-31,1.3372088616727575,2.108120740019474,0.6343132232835985
T67ZN6-S,2018-10-31,0.0734072482527927,2.108120740019474,0.0348211783411013
GRV8B9-S,2018-11-30,0.1703588891754371,2.147224926971762,0.0793390981240585
H8NJCD-S,2018-11-30,0.1409113783425993,2.147224926971762,0.0656248800824639
M9H31F-S,2018-11-30,0.1012450652220443,2.147224926971762,0.0471515880568835
R6KCBR-S,2018-11-30,1.3093983553315955,2.147224926971762,0.6098095913865177
T67ZN6-S,2018-11-30,0.0706957837682986,2.147224926971762,0.0329242562715593
GRV8B9-S,2018-12-31,0.148212359096591,1.946796494644596,0.0761314084468024
H8NJCD-S,2018-12-31,0.1347207878429657,1.946796494644596,0.0692012689634312
M9H31F-S,2018-12-31,0.0909012933714625,1.946796494644596,0.046692755828111
R6KCBR-S,2018-12-31,0.7738953705339977,1.946796494644596,0.3975224799627959
T67ZN6-S,2018-12-31,0.0632672929278992,1.946796494644596,0.0324981543278611
GRV8B9-S,2019-01-31,0.1583397327810799,2.102667964946446,0.0753042018144375
H8NJCD-S,2019-01-31,0.1264731596258425,2.102667964946446,0.0601488973695681
M9H31F-S,2019-01-31,0.0960450974383024,2.102667964946446,0.0456777289802618
R6KCBR-S,2019-01-31,0.8685013218737172,2.102667964946446,0.4130472981718906
T67ZN6-S,2019-01-31,0.0666391423119931,2.102667964946446,0.0316926606686997
GRV8B9-S,2019-02-28,0.1451631562024871,2.170827653359299,0.066869959012108
H8NJCD-S,2019-02-28,0.1374595327112216,2.170827653359299,0.0633212556042883
M9H31F-S,2019-02-28,0.1121811722344609,2.170827653359299,0.0516766828821548
R6KCBR-S,2019-02-28,0.9938829334614804,2.170827653359299,0.4578359465448455
T67ZN6-S,2019-02-28,0.0698566548908359,2.170827653359299,0.0321797332840931
GRV8B9-S,2019-03-31,0.1453284112101085,2.2004284323271666,0.0660455068999493
H8NJCD-S,2019-03-31,0.1391976439910524,2.2004284323271666,0.0632593371118357
M9H31F-S,2019-03-31,0.1085221832013264,2.2004284323271666,0.0493186606785269
R6KCBR-S,2019-03-31,0.8570497910253042,2.2004284323271666,0.3894922363454879
T67ZN6-S,2019-03-31,0.0676068700716678,2.2004284323271666,0.030724412154667
GRV8B9-S,2019-04-30,0.1371006232720848,2.2903213242453746,0.0598608683509757
H8NJCD-S,2019-04-30,0.1408328338230545,2.2903213242453746,0.0614904259643378
M9H31F-S,2019-04-30,0.0721876759747315,2.2903213242453746,0.0315185800396441
R6KCBR-S,2019-04-30,0.7876076951369329,2.2903213242453746,0.3438852386341193
T67ZN6-S,2019-04-30,0.0653676102786074,2.2903213242453746,0.0285408032430318
GRV8B9-S,2019-05-31,0.1382005489889911,2.1442648490749754,0.0644512495966205
H8NJCD-S,2019-05-31,0.1419408952641647,2.1442648490749754,0.0661955986105901
M9H31F-S,2019-05-31,0.0763557980236602,2.1442648490749754,0.0356093129338009
R6KCBR-S,2019-05-31,0.6165209157220329,2.1442648490749754,0.2875208797028953
T67ZN6-S,2019-05-31,0.0701367778558047,2.1442648490749754,0.032709008817666
GRV8B9-S,2019-06-30,0.1315687844783447,2.2823758519961053,0.0576455382505375
H8NJCD-S,2019-06-30,0.1412540163333283,2.2823758519961053,0.061889025074372
M9H31F-S,2019-06-30,0.0788916034517367,2.2823758519961053,0.0345655617512515
R6KCBR-S,2019-06-30,0.8668646500696481,2.2823758519961053,0.3798080186098671
T67ZN6-S,2019-06-30,0.0707505864904454,2.2823758519961053,0.0309986571355322
GRV8B9-S,2019-07-31,0.1410220725826971,2.3168841285296984,0.0608671235847215
H8NJCD-S,2019-07-31,0.1412858636106023,2.3168841285296984,0.0609809795279933
M9H31F-S,2019-07-31,0.0787932791417482,2.3168841285296984,0.0340082950940454
R6KCBR-S,2019-07-31,0.8026433300626108,2.3168841285296984,0.3464322277402671
T67ZN6-S,2019-07-31,0.07338659137684,2.3168841285296984,0.031674692088901
GRV8B9-S,2019-08-31,0.1436781899471423,2.27809152872444,0.0630695422618033
H8NJCD-S,2019-08-31,0.12923056524441,2.27809152872444,0.0567275562087575
M9H31F-S,2019-08-31,0.0876815729566833,2.27809152872444,0.0384890474553401
R6KCBR-S,2019-08-31,0.6501012232288174,2.27809152872444,0.2853709848931421
T67ZN6-S,2019-08-31,0.0724037112088896,2.27809152872444,0.031782617289934
GRV8B9-S,2019-09-30,0.1328148205433145,2.3117429406037,0.0574522444561377
H8NJCD-S,2019-09-30,0.1271855647694228,2.3117429406037,0.0550171745030651
M9H31F-S,2019-09-30,0.0848816438130947,2.3117429406037,0.0367175962007818
R6KCBR-S,2019-09-30,0.6458541634840812,2.3117429406037,0.2793797494263872
T67ZN6-S,2019-09-30,0.0698692365312405,2.3117429406037,0.0302236184240253
GRV8B9-S,2019-10-31,0.1411546939605192,2.36284323271665,0.0597393394559775
H8NJCD-S,2019-10-31,0.1424676002344661,2.36284323271665,0.0602949862529245
M9H31F-S,2019-10-31,0.0845939900104799,2.36284323271665,0.0358017784841438
R6KCBR-S,2019-10-31,0.5330971997351444,2.36284323271665,0.2256168299080182
T67ZN6-S,2019-10-31,0.0738550457716146,2.36284323271665,0.031256853924541
GRV8B9-S,2019-11-30,0.1441676036611484,2.448373904576436,0.058883001240813
H8NJCD-S,2019-11-30,0.1446072049671106,2.448373904576436,0.0590625495137056
M9H31F-S,2019-11-30,0.078027855691367,2.448373904576436,0.0318692563850314
R6KCBR-S,2019-11-30,0.4454082774067823,2.448373904576436,0.1819200394899802
T67ZN6-S,2019-11-30,0.0750722589920999,2.448373904576436,0.0306620891734619
GRV8B9-S,2019-12-31,0.1547820017577398,2.507185978578384,0.0617353491445033
H8NJCD-S,2019-12-31,0.1478629766207413,2.507185978578384,0.0589756714835259
M9H31F-S,2019-12-31,0.0867440592805763,2.507185978578384,0.0345981750144286
R6KCBR-S,2019-12-31,0.4940837709208711,2.507185978578384,0.1970670604982502
T67ZN6-S,2019-12-31,0.0786139605216553,2.507185978578384,0.0313554563535932
GRV8B9-S,2020-01-31,0.1482063404753398,2.506173320350536,0.0591365087449779
H8NJCD-S,2020-01-31,0.1578292387705305,2.506173320350536,0.0629761866383826
M9H31F-S,2020-01-31,0.0859642697744447,2.506173320350536,0.0343010074668024
R6KCBR-S,2020-01-31,0.3329180383855565,2.506173320350536,0.132839191799788
T67ZN6-S,2020-01-31,0.0722493441593106,2.506173320350536,0.0288285505127016
GRV8B9-S,2020-02-29,0.1343014502366936,2.3077702044790653,0.0581953307032186
H8NJCD-S,2020-02-29,0.1525297671480122,2.3077702044790653,0.0660940014096606
M9H31F-S,2020-02-29,0.0721000279124902,2.3077702044790653,0.03124229083665
R6KCBR-S,2020-02-29,0.294735905167821,2.3077702044790653,0.1277145811986735
T67ZN6-S,2020-02-29,0.0632072579370265,2.3077702044790653,0.0273888872533105
GRV8B9-S,2020-03-31,0.1000559792265019,2.0077896786757545,0.0498338946002024
H8NJCD-S,2020-03-31,0.1375510218031057,2.0077896786757545,0.0685086805973761
M9H31F-S,2020-03-31,0.0536281534286285,2.0077896786757545,0.0267100453788562
R6KCBR-S,2020-03-31,0.1159086041816231,2.0077896786757545,0.0577294551379859
T67ZN6-S,2020-03-31,0.0456933725392572,2.0077896786757545,0.0227580473316281
GRV8B9-S,2020-04-30,0.1183783257532478,2.262745861733204,0.0523162268265394
H8NJCD-S,2020-04-30,0.1481430995857101,2.262745861733204,0.0654704985173352
M9H31F-S,2020-04-30,0.0589228162030115,2.262745861733204,0.0260404039178656
R6KCBR-S,2020-04-30,0.3054162963878806,2.262745861733204,0.1349759606471845
T67ZN6-S,2020-04-30,0.0519384935620865,2.262745861733204,0.022953745906888
GRV8B9-S,2020-05-31,0.1360351458446516,2.3705550146056478,0.0573853570182937
H8NJCD-S,2020-05-31,0.1653785557008728,2.3705550146056478,0.0697636438226194
M9H31F-S,2020-05-31,0.0724981340005796,2.3705550146056478,0.0305827679821385
R6KCBR-S,2020-05-31,0.4648583441877705,2.3705550146056478,0.1960968386405923
T67ZN6-S,2020-05-31,0.0569561485372739,2.3705550146056478,0.0240265035767367
GRV8B9-S,2020-06-30,0.1439325145004161,2.4020253164556964,0.0599213145316867
H8NJCD-S,2020-06-30,0.1747858119381681,2.4020253164556964,0.0727660157204641
M9H31F-S,2020-06-30,0.0710414159474893,2.4020253164556964,0.0295756316391845
R6KCBR-S,2020-06-30,0.5872057238237384,2.4020253164556964,0.2444627539105993
T67ZN6-S,2020-06-30,0.0572626445561676,2.4020253164556964,0.0238393176640875
GRV8B9-S,2020-07-31,0.1437786918487393,2.5434858812074,0.0565282052127952
H8NJCD-S,2020-07-31,0.1812167541115878,2.5434858812074,0.0712473992682686
M9H31F-S,2020-07-31,0.0996723601714744,2.5434858812074,0.0391873062508055
R6KCBR-S,2020-07-31,0.7255553773492546,2.5434858812074,0.2852602338821835
T67ZN6-S,2020-07-31,0.0545666046789003,2.5434858812074,0.0214534726070495
GRV8B9-S,2020-08-31,0.1650229126491487,2.721012658227848,0.060647609319328
H8NJCD-S,2020-08-31,0.1793383091503216,2.721012658227848,0.0659086640438937
M9H31F-S,2020-08-31,0.1206566914622772,2.721012658227848,0.0443425689687379
R6KCBR-S,2020-08-31,0.719340167966714,2.721012658227848,0.2643648737875437
T67ZN6-S,2020-08-31,0.0595441859196261,2.721012658227848,0.0218830977281841
GRV8B9-S,2020-09-30,0.1709942620158673,2.6086854917234663,0.0655480557385618
H8NJCD-S,2020-09-30,0.1905353339794933,2.6086854917234663,0.0730388291666441
M9H31F-S,2020-09-30,0.1205687409567569,2.6086854917234663,0.0462181973792101
R6KCBR-S,2020-09-30,0.8507699192697228,2.6086854917234663,0.3261297392763315
T67ZN6-S,2020-09-30,0.0536094624339891,2.6086854917234663,0.0205503739734341
GRV8B9-S,2020-10-31,0.152663628543278,2.543641674780916,0.0600177415148015
H8NJCD-S,2020-10-31,0.1817560407222938,2.543641674780916,0.071455049083495
M9H31F-S,2020-10-31,0.1083990887867914,2.543641674780916,0.0426157071813693
R6KCBR-S,2020-10-31,0.6865916097213859,2.543641674780916,0.2699246582286486
T67ZN6-S,2020-10-31,0.0476658471159507,2.543641674780916,0.0187392145633312
GRV8B9-S,2020-11-30,0.1664759711385637,2.82033106134372,0.059027102676112
H8NJCD-S,2020-11-30,0.1734704861179896,2.82033106134372,0.0615071359868444
M9H31F-S,2020-11-30,0.1106424920527735,2.82033106134372,0.0392303207127956
R6KCBR-S,2020-11-30,0.6682937913445633,2.82033106134372,0.2369557959008405
T67ZN6-S,2020-11-30,0.0614851156623246,2.82033106134372,0.0218006731567997
GRV8B9-S,2020-12-31,0.1784027311111999,2.912405063291139,0.0612561533283414
H8NJCD-S,2020-12-31,0.1747851163186265,2.912405063291139,0.060014013339584
M9H31F-S,2020-12-31,0.11329068540331,2.912405063291139,0.038899357383786
R6KCBR-S,2020-12-31,0.6840662083421054,2.912405063291139,0.23488017410912
T67ZN6-S,2020-12-31,0.0676626708566352,2.912405063291139,0.0232325756157605
GRV8B9-S,2021-01-31,0.1828178283417237,2.882726387536514,0.0634183768297046
H8NJCD-S,2021-01-31,0.1823947404387925,2.882726387536514,0.0632716102462507
M9H31F-S,2021-01-31,0.0980214735332945,2.882726387536514,0.0340030444641194
R6KCBR-S,2021-01-31,0.7397581137290165,2.882726387536514,0.2566175260084916
T67ZN6-S,2021-01-31,0.0672041063570825,2.882726387536514,0.0233126899062081
GRV8B9-S,2021-02-28,0.2003177711043332,2.962882181110029,0.0676090910335439
H8NJCD-S,2021-02-28,0.1879949314135766,2.962882181110029,0.0634500192454987
M9H31F-S,2021-02-28,0.1045838273114204,2.962882181110029,0.0352980040779882
R6KCBR-S,2021-02-28,0.6841145992667383,2.962882181110029,0.2308949723442726
T67ZN6-S,2021-02-28,0.0735388110791384,2.962882181110029,0.0248200254292891
GRV8B9-S,2021-03-31,0.2090372713252831,3.0872833495618304,0.0677091305386501
H8NJCD-S,2021-03-31,0.1941903912500014,3.0872833495618304,0.0629000869899299
M9H31F-S,2021-03-31,0.1084159348774292,3.0872833495618304,0.0351169369966693
R6KCBR-S,2021-03-31,0.6611258856333121,3.0872833495618304,0.2141448680851221
T67ZN6-S,2021-03-31,0.075182560055935,3.0872833495618304,0.0243523355465916
GRV8B9-S,2021-04-30,0.2103364466743654,3.250632911392405,0.0647063056358055
H8NJCD-S,2021-04-30,0.2169053332273169,3.250632911392405,0.0667271079632322
M9H31F-S,2021-04-30,0.1328708935272329,3.250632911392405,0.0408753917003559
R6KCBR-S,2021-04-30,0.7884877748343663,3.250632911392405,0.2425643855604164
T67ZN6-S,2021-04-30,0.0748445494473741,3.250632911392405,0.0230246082801501
GRV8B9-S,2021-05-31,0.2232901528006958,3.271976630963973,0.0682431991376757
H8NJCD-S,2021-05-31,0.2206566279491887,3.271976630963973,0.0674383263807663
M9H31F-S,2021-05-31,0.1266595251743351,3.271976630963973,0.0387104003053406
R6KCBR-S,2021-05-31,0.7554488710412406,3.271976630963973,0.2308845558040168
T67ZN6-S,2021-05-31,0.0789986078838312,3.271976630963973,0.0241440012548491
GRV8B9-S,2021-06-30,0.2007572211886559,3.334449853943525,0.0602069996498007
H8NJCD-S,2021-06-30,0.2279942648285898,3.334449853943525,0.0683753766933846
M9H31F-S,2021-06-30,0.1260356149341773,3.334449853943525,0.0377980237984745
R6KCBR-S,2021-06-30,0.6414247304421349,3.334449853943525,0.1923629859611013
T67ZN6-S,2021-06-30,0.076970997897384,3.334449853943525,0.0230835673855923
GRV8B9-S,2021-07-31,0.2006737468436641,3.4158519961051605,0.0587477873960807
H8NJCD-S,2021-07-31,0.2375517143982145,3.4158519961051605,0.0695439131054498
M9H31F-S,2021-07-31,0.1398074906187387,3.4158519961051605,0.0409290246703167
R6KCBR-S,2021-07-31,0.6620664842308646,3.4158519961051605,0.1938217712552444
T67ZN6-S,2021-07-31,0.0770926708285079,3.4158519961051605,0.0225690899126809
GRV8B9-S,2021-08-31,0.2024777302696514,3.5175073028237587,0.0575628457422413
H8NJCD-S,2021-08-31,0.2442647756622441,3.5175073028237587,0.0694425781194981
M9H31F-S,2021-08-31,0.1405670769138361,3.5175073028237587,0.0399621279537906
R6KCBR-S,2021-08-31,0.6409952609860177,3.5175073028237587,0.1822299730469483
T67ZN6-S,2021-08-31,0.0809146465446717,3.5175073028237587,0.0230034054171588
GRV8B9-S,2021-09-30,0.2015075829637451,3.34286270691334,0.0602799458521013
H8NJCD-S,2021-09-30,0.2074079791372206,3.34286270691334,0.0620450186925961
M9H31F-S,2021-09-30,0.1288179418789307,3.34286270691334,0.0385352176182777
R6KCBR-S,2021-09-30,0.5709856907733417,3.34286270691334,0.1708074009717755
T67ZN6-S,2021-09-30,0.0769512181069403,3.34286270691334,0.0230195568450353
GRV8B9-S,2021-10-31,0.2298902212557076,3.5774099318403114,0.0642616377870472
H8NJCD-S,2021-10-31,0.2226328225782134,3.5774099318403114,0.062232963741923
M9H31F-S,2021-10-31,0.1363609982333985,3.5774099318403114,0.0381172414767828
R6KCBR-S,2021-10-31,0.4998238116678443,3.5774099318403114,0.139716672450429
T67ZN6-S,2021-10-31,0.0874512321554306,3.5774099318403114,0.0244454043069208
GRV8B9-S,2021-11-30,0.1904678891282862,3.548666017526777,0.0536730952384839
H8NJCD-S,2021-11-30,0.2275482819694416,3.548666017526777,0.0641222027786176
M9H31F-S,2021-11-30,0.1159802529944077,3.548666017526777,0.0326827749981497
R6KCBR-S,2021-11-30,0.4799865570011369,3.548666017526777,0.1352583068202233
T67ZN6-S,2021-11-30,0.0684462711480816,3.548666017526777,0.0192878875639542
GRV8B9-S,2021-12-31,0.2088065675920957,3.699785783836417,0.0564374749760722
H8NJCD-S,2021-12-31,0.2475658835633903,3.699785783836417,0.0669135723059841
M9H31F-S,2021-12-31,0.1019992680267762,3.699785783836417,0.0275689658769947
R6KCBR-S,2021-12-31,0.4818344854355565,3.699785783836417,0.1302330766123243
T67ZN6-S,2021-12-31,0.0716742180200484,3.699785783836417,0.0193725318728392
GRV8B9-S,2022-01-31,0.2048163124355209,3.504654333008764,0.0584412307103865
H8NJCD-S,2022-01-31,0.2063739255664709,3.504654333008764,0.0588856720112816
M9H31F-S,2022-01-31,0.0786972231563518,3.504654333008764,0.0224550599513162
R6KCBR-S,2022-01-31,0.4701480771367065,3.504654333008764,0.1341496285977744
T67ZN6-S,2022-01-31,0.0737447144634515,3.504654333008764,0.0210419366523206
GRV8B9-S,2022-02-28,0.2232817751218687,3.401207400194742,0.0656477976347706
H8NJCD-S,2022-02-28,0.1987502075895056,3.401207400194742,0.0584351920374293
M9H31F-S,2022-02-28,0.0784856640827223,3.401207400194742,0.0230758242141389
R6KCBR-S,2022-02-28,0.4099679134900922,3.401207400194742,0.120535993619977
T67ZN6-S,2022-02-28,0.0778665929350278,3.401207400194742,0.0228938091016059
GRV8B9-S,2022-03-31,0.241567223568582,3.518130477117819,0.0686635203383595
H8NJCD-S,2022-03-31,0.2094598450746401,3.518130477117819,0.0595372589041203
M9H31F-S,2022-03-31,0.0651650337703628,3.518130477117819,0.0185226313220049
R6KCBR-S,2022-03-31,0.3873935471488354,3.518130477117819,0.1101134678399427
T67ZN6-S,2022-03-31,0.0823210077918159,3.518130477117819,0.02339907752917
GRV8B9-S,2022-04-30,0.2509390939422395,3.209347614410905,0.0781900635554247
H8NJCD-S,2022-04-30,0.211971515529056,3.209347614410905,0.0660481633641809
M9H31F-S,2022-04-30,0.058920366412452,3.209347614410905,0.018358985529608
R6KCBR-S,2022-04-30,0.3208983678376252,3.209347614410905,0.0999886601241629
T67ZN6-S,2022-04-30,0.0865788647616107,3.209347614410905,0.0269770916596402
GRV8B9-S,2022-05-31,0.223920051417777,3.2165920155793573,0.069614066792815
H8NJCD-S,2022-05-31,0.1915705670790309,3.2165920155793573,0.0595569988830324
M9H31F-S,2022-05-31,0.0555617640439763,3.2165920155793573,0.0172734881436211
R6KCBR-S,2022-05-31,0.3300896190850903,3.2165920155793573,0.1026209160149383
T67ZN6-S,2022-05-31,0.0787259250235247,3.2165920155793573,0.0244749488409536
GRV8B9-S,2022-06-30,0.2119911743421881,2.9386562804284324,0.0721388124749593
H8NJCD-S,2022-06-30,0.1811253859970153,2.9386562804284324,0.061635444472808
M9H31F-S,2022-06-30,0.0491329692178372,2.9386562804284324,0.0167195359134257
R6KCBR-S,2022-06-30,0.1807673233990596,2.9386562804284324,0.0615135987842393
T67ZN6-S,2022-06-30,0.0686024831016622,2.9386562804284324,0.0233448476293595
GRV8B9-S,2022-07-31,0.2157069017344547,3.209269717624148,0.0672137030271623
H8NJCD-S,2022-07-31,0.1923134585051299,3.209269717624148,0.0599243676681377
M9H31F-S,2022-07-31,0.0541848305278745,3.209269717624148,0.0168838506250537
R6KCBR-S,2022-07-31,0.2056946984505921,3.209269717624148,0.0640939268273374
T67ZN6-S,2022-07-31,0.0695142588547301,3.209269717624148,0.0216604601579552
GRV8B9-S,2022-08-31,0.2009858078188906,3.078325219084713,0.0652906348467789
H8NJCD-S,2022-08-31,0.1740327886622241,3.078325219084713,0.0565348935789083
M9H31F-S,2022-08-31,0.052204492425928,3.078325219084713,0.0169587320086505
R6KCBR-S,2022-08-31,0.1705114718096702,3.078325219084713,0.055390986875769
T67ZN6-S,2022-08-31,0.0622614270707482,3.078325219084713,0.020225747001891
GRV8B9-S,2022-09-30,0.1019130414479459,2.782317429406037,0.0366288333497958
H8NJCD-S,2022-09-30,0.1526980163440952,2.782317429406037,0.0548815942890789
M9H31F-S,2022-09-30,0.0380786068833489,2.782317429406037,0.0136859319073014
R6KCBR-S,2022-09-30,0.1235601771845803,2.782317429406037,0.0444090871439344
T67ZN6-S,2022-09-30,0.0384394217151431,2.782317429406037,0.0138156133117237
GRV8B9-S,2022-10-31,0.102454626627572,3.0084518013631936,0.034055598491273
H8NJCD-S,2022-10-31,0.1588795335453602,3.0084518013631936,0.052811061647512
M9H31F-S,2022-10-31,0.0448856977628058,3.0084518013631936,0.0149198660063183
R6KCBR-S,2022-10-31,0.1317775610738079,3.0084518013631936,0.0438024504876882
T67ZN6-S,2022-10-31,0.0451038803442445,3.0084518013631936,0.0149923892162098
GRV8B9-S,2022-11-30,0.1047055002425444,3.175696202531645,0.0329708805770129
H8NJCD-S,2022-11-30,0.1718270698287998,3.175696202531645,0.0541068977856951
M9H31F-S,2022-11-30,0.054900623036179,3.175696202531645,0.0172877440204805
R6KCBR-S,2022-11-30,0.1349774109651597,3.175696202531645,0.0425032504234997
T67ZN6-S,2022-11-30,0.046604876093374,3.175696202531645,0.0146754831448363
GRV8B9-S,2022-12-31,0.1181404541143491,2.979006815968841,0.0396576649241157
H8NJCD-S,2022-12-31,0.1527440784554802,2.979006815968841,0.0512734907609818
M9H31F-S,2022-12-31,0.0549869101036651,2.979006815968841,0.0184581350431661
R6KCBR-S,2022-12-31,0.1172179416248783,2.979006815968841,0.0393479937664245
T67ZN6-S,2022-12-31,0.0513333952938797,2.979006815968841,0.0172317146166666
GRV8B9-S,2023-01-31,0.1400143013328887,3.1663485881207403,0.0442194841901436
H8NJCD-S,2023-01-31,0.1567010950956977,3.1663485881207403,0.049489527363979
M9H31F-S,2023-01-31,0.0628610813599337,3.1663485881207403,0.019852861935597
R6KCBR-S,2023-01-31,0.1120975769121575,3.1663485881207403,0.0354027908780216
T67ZN6-S,2023-01-31,0.0557301644616988,3.1663485881207403,0.0176007672278355
GRV8B9-S,2023-02-28,0.1262792934840319,3.086738072054528,0.0409102717938035
H8NJCD-S,2023-02-28,0.1461794865970899,3.086738072054528,0.0473572694491026
M9H31F-S,2023-02-28,0.0577026087940645,3.086738072054528,0.0186937172662848
R6KCBR-S,2023-02-28,0.0958775438617609,3.086738072054528,0.0310611207117891
T67ZN6-S,2023-02-28,0.0525140733662671,3.086738072054528,0.0170128051491307
GRV8B9-S,2023-03-31,0.1316263999229858,3.189016553067186,0.0412749190017179
H8NJCD-S,2023-03-31,0.1547824251783303,3.189016553067186,0.0485360996415842
M9H31F-S,2023-03-31,0.048399695488009,3.189016553067186,0.0151769972600042
R6KCBR-S,2023-03-31,0.0728888302283347,3.189016553067186,0.0228562094349213
T67ZN6-S,2023-03-31,0.0558502646877722,3.189016553067186,0.0175133191560437
GRV8B9-S,2023-04-30,0.133666742771477,3.2399610516066213,0.0412556634608909
H8NJCD-S,2023-04-30,0.1574193978832176,3.2399610516066213,0.0485868179820115
M9H31F-S,2023-04-30,0.0488272595514687,3.2399610516066213,0.0150703229988695
R6KCBR-S,2023-04-30,0.0619524812612949,3.2399610516066213,0.0191213660517845
T67ZN6-S,2023-04-30,0.0574554823908298,3.2399610516066213,0.0177333867523929
GRV8B9-S,2023-05-31,0.1327249646451368,3.2549172346640702,0.0407767556212024
H8NJCD-S,2023-05-31,0.1453504593251444,3.2549172346640702,0.0446556544594122
M9H31F-S,2023-05-31,0.0543385322022398,3.2549172346640702,0.0166942899879443
R6KCBR-S,2023-05-31,0.0586256051927817,3.2549172346640702,0.0180113965935703
T67ZN6-S,2023-05-31,0.0517057332146021,3.2549172346640702,0.0158854218054913
GRV8B9-S,2023-06-30,0.1222075601081065,3.45300876338851,0.0353916159738273
H8NJCD-S,2023-06-30,0.1408774139623726,3.45300876338851,0.0407984524847039
M9H31F-S,2023-06-30,0.0501929119332655,3.45300876338851,0.0145359932084302
R6KCBR-S,2023-06-30,0.0502479263657075,3.45300876338851,0.0145519255260731
T67ZN6-S,2023-06-30,0.0480474095566813,3.45300876338851,0.0139146503380233
GRV8B9-S,2023-07-31,0.1392803319835189,3.56603700097371,0.0390574556420722
H8NJCD-S,2023-07-31,0.152276380168903,3.56603700097371,0.0427018508577796
M9H31F-S,2023-07-31,0.0591562116813816,3.56603700097371,0.0165887823556595
R6KCBR-S,2023-07-31,0.0460984045784347,3.56603700097371,0.0129270684981248
T67ZN6-S,2023-07-31,0.0530145565042831,3.56603700097371,0.0148665189087514
GRV8B9-S,2023-08-31,0.1478502135143694,3.508081791626096,0.0421456004438929
H8NJCD-S,2023-08-31,0.1314693108838962,3.508081791626096,0.0374761247578998
M9H31F-S,2023-08-31,0.0594812777176033,3.508081791626096,0.0169554991162369
R6KCBR-S,2023-08-31,0.0218938689636064,3.508081791626096,0.0062409801891927
T67ZN6-S,2023-08-31,0.0548751875564189,3.508081791626096,0.0156425051683252
GRV8B9-S,2023-09-30,0.1544497678158069,3.329931840311587,0.0463822610259058
H8NJCD-S,2023-09-30,0.1222535314865078,3.329931840311587,0.0367135236843371
M9H31F-S,2023-09-30,0.0634398065742156,3.329931840311587,0.0190513829160777
R6KCBR-S,2023-09-30,0.0175659056417497,3.329931840311587,0.0052751547131084
T67ZN6-S,2023-09-30,0.0538755217864864,3.329931840311587,0.0161791665325633
GRV8B9-S,2023-10-31,0.1431581689733057,3.257643622200584,0.0439453131084364
H8NJCD-S,2023-10-31,0.135602319268138,3.257643622200584,0.0416258912865787
M9H31F-S,2023-10-31,0.0560395941803985,3.257643622200584,0.0172024937898341
R6KCBR-S,2023-10-31,0.0197344239518624,3.257643622200584,0.0060578830100916
T67ZN6-S,2023-10-31,0.049082037769661,3.257643622200584,0.015066730269441
GRV8B9-S,2023-11-30,0.166334246218045,3.5552093476144107,0.0467860623537281
H8NJCD-S,2023-11-30,0.1571714548831297,3.5552093476144107,0.0442087763379092
M9H31F-S,2023-11-30,0.0701477263025029,3.5552093476144107,0.0197309692464588
R6KCBR-S,2023-11-30,0.0235421848339152,3.5552093476144107,0.0066218842639217
T67ZN6-S,2023-11-30,0.0539576351367229,3.5552093476144107,0.015177062687723
GRV8B9-S,2023-12-31,0.1695114128634751,3.702512171372931,0.0457828104318205
H8NJCD-S,2023-12-31,0.1663172489057677,3.702512171372931,0.0449201086202224
M9H31F-S,2023-12-31,0.0823732699904195,3.702512171372931,0.0222479403652776
R6KCBR-S,2023-12-31,0.0281423471068321,3.702512171372931,0.0076008790259821
T67ZN6-S,2023-12-31,0.0542007692886754,3.702512171372931,0.0146389172486034
GRV8B9-S,2024-01-31,0.1691456379619061,3.7614800389483936,0.0449678414375407
H8NJCD-S,2024-01-31,0.156162594837517,3.7614800389483936,0.0415162630721219
M9H31F-S,2024-01-31,0.0872916328371257,3.7614800389483936,0.0232067249947523
R6KCBR-S,2024-01-31,0.0321043540611524,3.7614800389483936,0.0085350324150936
T67ZN6-S,2024-01-31,0.054897144938471,3.7614800389483936,0.0145945596866224
GRV8B9-S,2024-02-29,0.1921506835323959,3.9577799415774098,0.0485501180886304
H8NJCD-S,2024-02-29,0.1707096628903699,3.9577799415774098,0.0431326818090679
M9H31F-S,2024-02-29,0.0842335683549484,3.9577799415774098,0.0212830348322439
R6KCBR-S,2024-02-29,0.0231701796007996,3.9577799415774098,0.005854337518211
T67ZN6-S,2024-02-29,0.0584670039372973,3.9577799415774098,0.0147726768037524
GRV8B9-S,2024-03-31,0.2005402786246609,4.074547224926972,0.0492178069253462
H8NJCD-S,2024-03-31,0.1777839321624564,4.074547224926972,0.0436328068735644
M9H31F-S,2024-03-31,0.0921128509026313,4.074547224926972,0.0226068924515367
R6KCBR-S,2024-03-31,0.0263488584626245,4.074547224926972,0.0064666960543319
T67ZN6-S,2024-03-31,0.0557694820879631,4.074547224926972,0.0136872832757418
GRV8B9-S,2024-04-30,0.1915848726461255,3.922025316455696,0.0488484538440611
H8NJCD-S,2024-04-30,0.1684925721896569,3.922025316455696,0.0429606029014423
M9H31F-S,2024-04-30,0.084991037547093,3.922025316455696,0.0216701909573339
R6KCBR-S,2024-04-30,0.0210016612906869,3.922025316455696,0.0053548000321594
T67ZN6-S,2024-04-30,0.0535154025742338,3.922025316455696,0.0136448386372465
GRV8B9-S,2024-05-31,0.1838871770431276,4.108042843232717,0.0447627213396884
H8NJCD-S,2024-05-31,0.1798627760403587,4.108042843232717,0.0437830818480024
M9H31F-S,2024-05-31,0.0816764406757054,4.108042843232717,0.0198820810280138
R6KCBR-S,2024-05-31,0.02016086897519,4.108042843232717,0.004907657915107
T67ZN6-S,2024-05-31,0.0540861432859512,4.108042843232717,0.0131659150962967
GRV8B9-S,2024-06-30,0.1596366398055701,4.239298928919182,0.0376563772647827
H8NJCD-S,2024-06-30,0.1852074931774089,4.239298928919182,0.04368823625859
M9H31F-S,2024-06-30,0.0851584701463229,4.239298928919182,0.0200878663133185
R6KCBR-S,2024-06-30,0.0237478462636051,4.239298928919182,0.005601833383724
T67ZN6-S,2024-06-30,0.0504758476207286,4.239298928919182,0.011906649770885
GRV8B9-S,2024-07-31,0.1737019459593744,4.290632911392405,0.0404839914172485
H8NJCD-S,2024-07-31,0.192538476304673,4.290632911392405,0.0448741433445514
M9H31F-S,2024-07-31,0.0820381930816644,4.290632911392405,0.0191203010781552
R6KCBR-S,2024-07-31,0.0233861543463019,4.290632911392405,0.0054505139053512
T67ZN6-S,2024-07-31,0.0509488689090154,4.290632911392405,0.0118744413612586
GRV8B9-S,2024-08-31,0.157329209297433,4.390886075949367,0.0358308565916086
H8NJCD-S,2024-08-31,0.2100487626274227,4.390886075949367,0.047837443056868
M9H31F-S,2024-08-31,0.0870878465557653,4.390886075949367,0.0198337750170245
R6KCBR-S,2024-08-31,0.0211295040647015,4.390886075949367,0.0048121275977612
T67ZN6-S,2024-08-31,0.0527381233473176,4.390886075949367,0.0120108156839197
