fsym_id,price_date,adj_price,index_fsym_id,index_price_date,index_adj_price
BDM03B-S,2017-05-31,8.27089,LY6WH5-S,2017-05-31,241.44
BDM03B-S,2017-06-30,8.72601,LY6WH5-S,2017-06-30,241.8
BDM03B-S,2017-07-31,8.90092,LY6WH5-S,2017-07-31,246.77
BDM03B-S,2017-08-31,9.04196,LY6WH5-S,2017-08-31,247.49
BDM03B-S,2017-09-30,8.6801,LY6WH5-S,2017-09-30,251.23
BDM03B-S,2017-10-31,8.28376,LY6WH5-S,2017-10-31,257.15
BDM03B-S,2017-11-30,6.59951,LY6WH5-S,2017-11-30,265.01
BDM03B-S,2017-12-31,6.74809,LY6WH5-S,2017-12-31,266.86
BDM03B-S,2018-01-31,7.34611,LY6WH5-S,2018-01-31,281.9
BDM03B-S,2018-02-28,6.03464,LY6WH5-S,2018-02-28,271.65
BDM03B-S,2018-03-31,5.67178,LY6WH5-S,2018-03-31,263.15
BDM03B-S,2018-04-30,5.81036,LY6WH5-S,2018-04-30,264.51
BDM03B-S,2018-05-31,5.34439,LY6WH5-S,2018-05-31,270.94
BDM03B-S,2018-06-30,5.08048,LY6WH5-S,2018-06-30,271.28
BDM03B-S,2018-07-31,4.52965,LY6WH5-S,2018-07-31,281.33
BDM03B-S,2018-08-31,4.43279,LY6WH5-S,2018-08-31,290.31
BDM03B-S,2018-09-30,4.36288,LY6WH5-S,2018-09-30,290.72
BDM03B-S,2018-10-31,3.70909,LY6WH5-S,2018-10-31,270.63
BDM03B-S,2018-11-30,4.0105,LY6WH5-S,2018-11-30,275.65
BDM03B-S,2018-12-31,3.78505,LY6WH5-S,2018-12-31,249.92
BDM03B-S,2019-01-31,4.06753,LY6WH5-S,2019-01-31,269.93
BDM03B-S,2019-02-28,4.41462,LY6WH5-S,2019-02-28,278.68
BDM03B-S,2019-03-31,4.51737,LY6WH5-S,2019-03-31,282.48
BDM03B-S,2019-04-30,5.17524,LY6WH5-S,2019-04-30,294.02
BDM03B-S,2019-05-31,4.50973,LY6WH5-S,2019-05-31,275.27
BDM03B-S,2019-06-30,4.69488,LY6WH5-S,2019-06-30,293
BDM03B-S,2019-07-31,4.48445,LY6WH5-S,2019-07-31,297.43
BDM03B-S,2019-08-31,4.07268,LY6WH5-S,2019-08-31,292.45
BDM03B-S,2019-09-30,4.31238,LY6WH5-S,2019-09-30,296.77
BDM03B-S,2019-10-31,4.81613,LY6WH5-S,2019-10-31,303.33
BDM03B-S,2019-11-30,5.01455,LY6WH5-S,2019-11-30,314.31
BDM03B-S,2019-12-31,5.26451,LY6WH5-S,2019-12-31,321.86
BDM03B-S,2020-01-31,5.2082,LY6WH5-S,2020-01-31,321.73
BDM03B-S,2020-02-29,4.53631,LY6WH5-S,2020-02-29,296.26
BDM03B-S,2020-03-31,2.81599,LY6WH5-S,2020-03-31,257.75
BDM03B-S,2020-04-30,4.22332,LY6WH5-S,2020-04-30,290.48
BDM03B-S,2020-05-31,4.86285,LY6WH5-S,2020-05-31,304.32
BDM03B-S,2020-06-30,5.58141,LY6WH5-S,2020-06-30,308.36
BDM03B-S,2020-07-31,6.96482,LY6WH5-S,2020-07-31,326.52
BDM03B-S,2020-08-31,7.54787,LY6WH5-S,2020-08-31,349.31
BDM03B-S,2020-09-30,7.82123,LY6WH5-S,2020-09-30,334.89
BDM03B-S,2020-10-31,7.44848,LY6WH5-S,2020-10-31,326.54
BDM03B-S,2020-11-30,9.00611,LY6WH5-S,2020-11-30,362.06
BDM03B-S,2020-12-31,10.13994,LY6WH5-S,2020-12-31,373.88
BDM03B-S,2021-01-31,9.42315,LY6WH5-S,2021-01-31,370.07
BDM03B-S,2021-02-28,8.63085,LY6WH5-S,2021-02-28,380.36
BDM03B-S,2021-03-31,8.31775,LY6WH5-S,2021-03-31,396.33
BDM03B-S,2021-04-30,9.82763,LY6WH5-S,2021-04-30,417.3
BDM03B-S,2021-05-31,10.51591,LY6WH5-S,2021-05-31,420.04
BDM03B-S,2021-06-30,8.94512,LY6WH5-S,2021-06-30,428.06
BDM03B-S,2021-07-31,9.17005,LY6WH5-S,2021-07-31,438.51
BDM03B-S,2021-08-31,9.17968,LY6WH5-S,2021-08-31,451.56
BDM03B-S,2021-09-30,8.20707,LY6WH5-S,2021-09-30,429.14
BDM03B-S,2021-10-31,7.38196,LY6WH5-S,2021-10-31,459.25
BDM03B-S,2021-11-30,6.98095,LY6WH5-S,2021-11-30,455.56
BDM03B-S,2021-12-31,7.73189,LY6WH5-S,2021-12-31,474.96
BDM03B-S,2022-01-31,7.01728,LY6WH5-S,2022-01-31,449.91
BDM03B-S,2022-02-28,6.82334,LY6WH5-S,2022-02-28,436.63
BDM03B-S,2022-03-31,6.24504,LY6WH5-S,2022-03-31,451.64
BDM03B-S,2022-04-30,6.05513,LY6WH5-S,2022-04-30,412
BDM03B-S,2022-05-31,6.52619,LY6WH5-S,2022-05-31,412.93
BDM03B-S,2022-06-30,5.76244,LY6WH5-S,2022-06-30,377.25
BDM03B-S,2022-07-31,7.40058,LY6WH5-S,2022-07-31,411.99
BDM03B-S,2022-08-31,7.23203,LY6WH5-S,2022-08-31,395.18
BDM03B-S,2022-09-30,7.04213,LY6WH5-S,2022-09-30,357.18
BDM03B-S,2022-10-31,7.79606,LY6WH5-S,2022-10-31,386.21
BDM03B-S,2022-11-30,8.66483,LY6WH5-S,2022-11-30,407.68
BDM03B-S,2022-12-31,9.87571,LY6WH5-S,2022-12-31,382.43
BDM03B-S,2023-01-31,9.55128,LY6WH5-S,2023-01-31,406.48
BDM03B-S,2023-02-28,9.70408,LY6WH5-S,2023-02-28,396.26
BDM03B-S,2023-03-31,9.21448,LY6WH5-S,2023-03-31,409.39
BDM03B-S,2023-04-30,9.7882,LY6WH5-S,2023-04-30,415.93
BDM03B-S,2023-05-31,12.07321,LY6WH5-S,2023-05-31,417.85
BDM03B-S,2023-06-30,11.32271,LY6WH5-S,2023-06-30,443.28
BDM03B-S,2023-07-31,12.71642,LY6WH5-S,2023-07-31,457.79
BDM03B-S,2023-08-31,12.37454,LY6WH5-S,2023-08-31,450.35
BDM03B-S,2023-09-30,12.93238,LY6WH5-S,2023-09-30,427.48
BDM03B-S,2023-10-31,12.15468,LY6WH5-S,2023-10-31,418.2
BDM03B-S,2023-11-30,13.99009,LY6WH5-S,2023-11-30,456.4
BDM03B-S,2023-12-31,16.2237,LY6WH5-S,2023-12-31,475.31
BDM03B-S,2024-01-31,16.09508,LY6WH5-S,2024-01-31,482.88
BDM03B-S,2024-02-29,18.29436,LY6WH5-S,2024-02-29,508.08
BDM03B-S,2024-03-31,17.9657,LY6WH5-S,2024-03-31,523.07
BDM03B-S,2024-04-30,20.31724,LY6WH5-S,2024-04-30,503.49
BDM03B-S,2024-05-31,21.67877,LY6WH5-S,2024-05-31,527.37
BDM03B-S,2024-06-30,18.8665,LY6WH5-S,2024-06-30,544.22
BDM03B-S,2024-07-31,21.60932,LY6WH5-S,2024-07-31,550.81
GRV8B9-S,2007-04-30,6.481,LY6WH5-S,2007-04-30,148.29
GRV8B9-S,2007-05-31,6.42794,LY6WH5-S,2007-05-31,153.32
GRV8B9-S,2007-06-30,6.68772,LY6WH5-S,2007-06-30,150.43
GRV8B9-S,2007-07-31,6.86978,LY6WH5-S,2007-07-31,145.72
GRV8B9-S,2007-08-31,6.95625,LY6WH5-S,2007-08-31,147.59
GRV8B9-S,2007-09-30,7.83808,LY6WH5-S,2007-09-30,152.58
GRV8B9-S,2007-10-31,7.49349,LY6WH5-S,2007-10-31,154.65
GRV8B9-S,2007-11-30,6.88921,LY6WH5-S,2007-11-30,148.66
GRV8B9-S,2007-12-31,8.12445,LY6WH5-S,2007-12-31,146.21
GRV8B9-S,2008-01-31,6.63444,LY6WH5-S,2008-01-31,137.37
GRV8B9-S,2008-02-29,7.23289,LY6WH5-S,2008-02-29,133.82
GRV8B9-S,2008-03-31,8.10744,LY6WH5-S,2008-03-31,131.97
GRV8B9-S,2008-04-30,8.41487,LY6WH5-S,2008-04-30,138.26
GRV8B9-S,2008-05-31,7.9376,LY6WH5-S,2008-05-31,140.35
GRV8B9-S,2008-06-30,7.75506,LY6WH5-S,2008-06-30,127.98
GRV8B9-S,2008-07-31,7.77308,LY6WH5-S,2008-07-31,126.83
GRV8B9-S,2008-08-31,6.36001,LY6WH5-S,2008-08-31,128.79
GRV8B9-S,2008-09-30,4.73589,LY6WH5-S,2008-09-30,115.99
GRV8B9-S,2008-10-31,4.08485,LY6WH5-S,2008-10-31,96.83
GRV8B9-S,2008-11-30,4.2814,LY6WH5-S,2008-11-30,90.09
GRV8B9-S,2008-12-31,3.71378,LY6WH5-S,2008-12-31,90.24
GRV8B9-S,2009-01-31,3.83427,LY6WH5-S,2009-01-31,82.83
GRV8B9-S,2009-02-28,4.3967,LY6WH5-S,2009-02-28,73.93
GRV8B9-S,2009-03-31,4.88737,LY6WH5-S,2009-03-31,79.52
GRV8B9-S,2009-04-30,5.47408,LY6WH5-S,2009-04-30,87.42
GRV8B9-S,2009-05-31,6.9944,LY6WH5-S,2009-05-31,92.53
GRV8B9-S,2009-06-30,6.82042,LY6WH5-S,2009-06-30,91.95
GRV8B9-S,2009-07-31,6.98517,LY6WH5-S,2009-07-31,98.81
GRV8B9-S,2009-08-31,7.64516,LY6WH5-S,2009-08-31,102.46
GRV8B9-S,2009-09-30,7.92789,LY6WH5-S,2009-09-30,105.59
GRV8B9-S,2009-10-31,8.07315,LY6WH5-S,2009-10-31,103.56
GRV8B9-S,2009-11-30,7.78334,LY6WH5-S,2009-11-30,109.94
GRV8B9-S,2009-12-31,7.91759,LY6WH5-S,2009-12-31,111.44
GRV8B9-S,2010-01-31,7.63547,LY6WH5-S,2010-01-31,107.39
GRV8B9-S,2010-02-28,8.12121,LY6WH5-S,2010-02-28,110.74
GRV8B9-S,2010-03-31,8.42361,LY6WH5-S,2010-03-31,117
GRV8B9-S,2010-04-30,9.65267,LY6WH5-S,2010-04-30,118.812
GRV8B9-S,2010-05-31,8.24974,LY6WH5-S,2010-05-31,109.369
GRV8B9-S,2010-06-30,7.38104,LY6WH5-S,2010-06-30,103.22
GRV8B9-S,2010-07-31,8.64439,LY6WH5-S,2010-07-31,110.27
GRV8B9-S,2010-08-31,7.62674,LY6WH5-S,2010-08-31,105.31
GRV8B9-S,2010-09-30,8.87948,LY6WH5-S,2010-09-30,114.13
GRV8B9-S,2010-10-31,9.8487,LY6WH5-S,2010-10-31,118.49
GRV8B9-S,2010-11-30,8.69551,LY6WH5-S,2010-11-30,118.493
GRV8B9-S,2010-12-31,10.44284,LY6WH5-S,2010-12-31,125.75
GRV8B9-S,2011-01-31,11.16699,LY6WH5-S,2011-01-31,128.68
GRV8B9-S,2011-02-28,11.60663,LY6WH5-S,2011-02-28,133.15
GRV8B9-S,2011-03-31,11.93112,LY6WH5-S,2011-03-31,132.59
GRV8B9-S,2011-04-30,12.97945,LY6WH5-S,2011-04-30,136.43
GRV8B9-S,2011-05-31,11.86196,LY6WH5-S,2011-05-31,134.9
GRV8B9-S,2011-06-30,9.87802,LY6WH5-S,2011-06-30,131.97
GRV8B9-S,2011-07-31,9.06235,LY6WH5-S,2011-07-31,129.33
GRV8B9-S,2011-08-31,7.85194,LY6WH5-S,2011-08-31,122.22
GRV8B9-S,2011-09-30,5.62085,LY6WH5-S,2011-09-30,113.15
GRV8B9-S,2011-10-31,6.16562,LY6WH5-S,2011-10-31,125.5
GRV8B9-S,2011-11-30,5.89398,LY6WH5-S,2011-11-30,124.99
GRV8B9-S,2011-12-31,5.02685,LY6WH5-S,2011-12-31,125.5
GRV8B9-S,2012-01-31,5.46252,LY6WH5-S,2012-01-31,131.32
GRV8B9-S,2012-02-29,5.88368,LY6WH5-S,2012-02-29,137.02
GRV8B9-S,2012-03-31,5.10164,LY6WH5-S,2012-03-31,140.81
GRV8B9-S,2012-04-30,5.23711,LY6WH5-S,2012-04-30,139.87
GRV8B9-S,2012-05-31,4.74473,LY6WH5-S,2012-05-31,131.47
GRV8B9-S,2012-06-30,5.29906,LY6WH5-S,2012-06-30,136.105
GRV8B9-S,2012-07-31,5.17032,LY6WH5-S,2012-07-31,137.71
GRV8B9-S,2012-08-31,6.24946,LY6WH5-S,2012-08-31,141.16
GRV8B9-S,2012-09-30,5.93907,LY6WH5-S,2012-09-30,143.97
GRV8B9-S,2012-10-31,6.20036,LY6WH5-S,2012-10-31,141.35
GRV8B9-S,2012-11-30,7.2394,LY6WH5-S,2012-11-30,142.155
GRV8B9-S,2012-12-31,8.00165,LY6WH5-S,2012-12-31,142.41
GRV8B9-S,2013-01-31,9.49867,LY6WH5-S,2013-01-31,149.7
GRV8B9-S,2013-02-28,10.22423,LY6WH5-S,2013-02-28,151.61
GRV8B9-S,2013-03-31,8.92217,LY6WH5-S,2013-03-31,156.67
GRV8B9-S,2013-04-30,10.07461,LY6WH5-S,2013-04-30,159.68
GRV8B9-S,2013-05-31,10.15216,LY6WH5-S,2013-05-31,163.445
GRV8B9-S,2013-06-30,10.22723,LY6WH5-S,2013-06-30,160.42
GRV8B9-S,2013-07-31,10.06079,LY6WH5-S,2013-07-31,168.71
GRV8B9-S,2013-08-31,9.79032,LY6WH5-S,2013-08-31,163.65
GRV8B9-S,2013-09-30,11.34805,LY6WH5-S,2013-09-30,168.01
GRV8B9-S,2013-10-31,12.23152,LY6WH5-S,2013-10-31,175.79
GRV8B9-S,2013-11-30,12.34477,LY6WH5-S,2013-11-30,181
GRV8B9-S,2013-12-31,12.17506,LY6WH5-S,2013-12-31,184.69
GRV8B9-S,2014-01-31,12.20239,LY6WH5-S,2014-01-31,178.18
GRV8B9-S,2014-02-28,12.9778,LY6WH5-S,2014-02-28,186.29
GRV8B9-S,2014-03-31,14.32258,LY6WH5-S,2014-03-31,187.01
GRV8B9-S,2014-04-30,14.43898,LY6WH5-S,2014-04-30,188.31
GRV8B9-S,2014-05-31,15.90357,LY6WH5-S,2014-05-31,192.68
GRV8B9-S,2014-06-30,17.43722,LY6WH5-S,2014-06-30,195.72
GRV8B9-S,2014-07-31,19.52985,LY6WH5-S,2014-07-31,193.09
GRV8B9-S,2014-08-31,18.64961,LY6WH5-S,2014-08-31,200.71
GRV8B9-S,2014-09-30,17.67156,LY6WH5-S,2014-09-30,197.02
GRV8B9-S,2014-10-31,17.99733,LY6WH5-S,2014-10-31,201.66
GRV8B9-S,2014-11-30,17.19991,LY6WH5-S,2014-11-30,207.2
GRV8B9-S,2014-12-31,17.20509,LY6WH5-S,2014-12-31,205.54
GRV8B9-S,2015-01-31,15.41836,LY6WH5-S,2015-01-31,199.45
GRV8B9-S,2015-02-28,16.44769,LY6WH5-S,2015-02-28,210.66
GRV8B9-S,2015-03-31,14.39367,LY6WH5-S,2015-03-31,206.43
GRV8B9-S,2015-04-30,16.25639,LY6WH5-S,2015-04-30,208.46
GRV8B9-S,2015-05-31,16.15861,LY6WH5-S,2015-05-31,211.14
GRV8B9-S,2015-06-30,14.6171,LY6WH5-S,2015-06-30,205.85
GRV8B9-S,2015-07-31,15.8694,LY6WH5-S,2015-07-31,210.5
GRV8B9-S,2015-08-31,15.02603,LY6WH5-S,2015-08-31,197.67
GRV8B9-S,2015-09-30,15.76788,LY6WH5-S,2015-09-30,191.63
GRV8B9-S,2015-10-31,16.42677,LY6WH5-S,2015-10-31,207.93
GRV8B9-S,2015-11-30,16.8164,LY6WH5-S,2015-11-30,208.69
GRV8B9-S,2015-12-31,17.56493,LY6WH5-S,2015-12-31,203.87
GRV8B9-S,2016-01-31,19.53561,LY6WH5-S,2016-01-31,193.721
GRV8B9-S,2016-02-29,20.64765,LY6WH5-S,2016-02-29,193.56
GRV8B9-S,2016-03-31,24.54284,LY6WH5-S,2016-03-31,205.52
GRV8B9-S,2016-04-30,24.83747,LY6WH5-S,2016-04-30,206.331
GRV8B9-S,2016-05-31,30.01262,LY6WH5-S,2016-05-31,209.84
GRV8B9-S,2016-06-30,29.52934,LY6WH5-S,2016-06-30,209.475
GRV8B9-S,2016-07-31,31.16504,LY6WH5-S,2016-07-31,217.12
GRV8B9-S,2016-08-31,27.65822,LY6WH5-S,2016-08-31,217.38
GRV8B9-S,2016-09-30,30.52939,LY6WH5-S,2016-09-30,216.3
GRV8B9-S,2016-10-31,32.50338,LY6WH5-S,2016-10-31,212.55
GRV8B9-S,2016-11-30,31.36324,LY6WH5-S,2016-11-30,220.38
GRV8B9-S,2016-12-31,29.98478,LY6WH5-S,2016-12-31,223.53
GRV8B9-S,2017-01-31,28.35526,LY6WH5-S,2017-01-31,227.53
GRV8B9-S,2017-02-28,25.35493,LY6WH5-S,2017-02-28,236.47
GRV8B9-S,2017-03-31,21.56271,LY6WH5-S,2017-03-31,235.74
GRV8B9-S,2017-04-30,23.77867,LY6WH5-S,2017-04-30,238.08
GRV8B9-S,2017-05-31,27.15378,LY6WH5-S,2017-05-31,241.44
GRV8B9-S,2017-06-30,24.72349,LY6WH5-S,2017-06-30,241.8
GRV8B9-S,2017-07-31,25.88149,LY6WH5-S,2017-07-31,246.77
GRV8B9-S,2017-08-31,28.92087,LY6WH5-S,2017-08-31,247.49
GRV8B9-S,2017-09-30,28.26527,LY6WH5-S,2017-09-30,251.23
GRV8B9-S,2017-10-31,29.78526,LY6WH5-S,2017-10-31,257.15
GRV8B9-S,2017-11-30,29.39775,LY6WH5-S,2017-11-30,265.01
GRV8B9-S,2017-12-31,30.17355,LY6WH5-S,2017-12-31,266.86
GRV8B9-S,2018-01-31,27.30482,LY6WH5-S,2018-01-31,281.9
GRV8B9-S,2018-02-28,35.75459,LY6WH5-S,2018-02-28,271.65
GRV8B9-S,2018-03-31,41.05606,LY6WH5-S,2018-03-31,263.15
GRV8B9-S,2018-04-30,46.81005,LY6WH5-S,2018-04-30,264.51
GRV8B9-S,2018-05-31,43.62943,LY6WH5-S,2018-05-31,270.94
GRV8B9-S,2018-06-30,41.93659,LY6WH5-S,2018-06-30,271.28
GRV8B9-S,2018-07-31,51.08441,LY6WH5-S,2018-07-31,281.33
GRV8B9-S,2018-08-31,48.33367,LY6WH5-S,2018-08-31,290.31
GRV8B9-S,2018-09-30,49.8815,LY6WH5-S,2018-09-30,290.72
GRV8B9-S,2018-10-31,52.94499,LY6WH5-S,2018-10-31,270.63
GRV8B9-S,2018-11-30,56.32755,LY6WH5-S,2018-11-30,275.65
GRV8B9-S,2018-12-31,49.00501,LY6WH5-S,2018-12-31,249.92
GRV8B9-S,2019-01-31,52.35353,LY6WH5-S,2019-01-31,269.93
GRV8B9-S,2019-02-28,47.99682,LY6WH5-S,2019-02-28,278.68
GRV8B9-S,2019-03-31,48.05146,LY6WH5-S,2019-03-31,282.48
GRV8B9-S,2019-04-30,45.33102,LY6WH5-S,2019-04-30,294.02
GRV8B9-S,2019-05-31,45.6947,LY6WH5-S,2019-05-31,275.27
GRV8B9-S,2019-06-30,43.50197,LY6WH5-S,2019-06-30,293
GRV8B9-S,2019-07-31,46.62761,LY6WH5-S,2019-07-31,297.43
GRV8B9-S,2019-08-31,47.50583,LY6WH5-S,2019-08-31,292.45
GRV8B9-S,2019-09-30,43.91396,LY6WH5-S,2019-09-30,296.77
GRV8B9-S,2019-10-31,46.67146,LY6WH5-S,2019-10-31,303.33
GRV8B9-S,2019-11-30,47.66765,LY6WH5-S,2019-11-30,314.31
GRV8B9-S,2019-12-31,51.1772,LY6WH5-S,2019-12-31,321.86
GRV8B9-S,2020-01-31,49.00302,LY6WH5-S,2020-01-31,321.73
GRV8B9-S,2020-02-29,44.4055,LY6WH5-S,2020-02-29,296.26
GRV8B9-S,2020-03-31,33.08256,LY6WH5-S,2020-03-31,257.75
GRV8B9-S,2020-04-30,39.14067,LY6WH5-S,2020-04-30,290.48
GRV8B9-S,2020-05-31,44.97873,LY6WH5-S,2020-05-31,304.32
GRV8B9-S,2020-06-30,47.58992,LY6WH5-S,2020-06-30,308.36
GRV8B9-S,2020-07-31,47.53906,LY6WH5-S,2020-07-31,326.52
GRV8B9-S,2020-08-31,54.56326,LY6WH5-S,2020-08-31,349.31
GRV8B9-S,2020-09-30,56.53763,LY6WH5-S,2020-09-30,334.89
GRV8B9-S,2020-10-31,50.47678,LY6WH5-S,2020-10-31,326.54
GRV8B9-S,2020-11-30,55.0437,LY6WH5-S,2020-11-30,362.06
GRV8B9-S,2020-12-31,58.98717,LY6WH5-S,2020-12-31,373.88
GRV8B9-S,2021-01-31,60.44698,LY6WH5-S,2021-01-31,370.07
GRV8B9-S,2021-02-28,66.23317,LY6WH5-S,2021-02-28,380.36
GRV8B9-S,2021-03-31,69.11619,LY6WH5-S,2021-03-31,396.33
GRV8B9-S,2021-04-30,69.54575,LY6WH5-S,2021-04-30,417.3
GRV8B9-S,2021-05-31,73.82877,LY6WH5-S,2021-05-31,420.04
GRV8B9-S,2021-06-30,66.37847,LY6WH5-S,2021-06-30,428.06
GRV8B9-S,2021-07-31,66.35087,LY6WH5-S,2021-07-31,438.51
GRV8B9-S,2021-08-31,66.94734,LY6WH5-S,2021-08-31,451.56
GRV8B9-S,2021-09-30,66.62657,LY6WH5-S,2021-09-30,429.14
GRV8B9-S,2021-10-31,76.01102,LY6WH5-S,2021-10-31,459.25
GRV8B9-S,2021-11-30,62.9764,LY6WH5-S,2021-11-30,455.56
GRV8B9-S,2021-12-31,69.03991,LY6WH5-S,2021-12-31,474.96
GRV8B9-S,2022-01-31,67.72057,LY6WH5-S,2022-01-31,449.91
GRV8B9-S,2022-02-28,73.826,LY6WH5-S,2022-02-28,436.63
GRV8B9-S,2022-03-31,79.87191,LY6WH5-S,2022-03-31,451.64
GRV8B9-S,2022-04-30,82.97063,LY6WH5-S,2022-04-30,412
GRV8B9-S,2022-05-31,74.03704,LY6WH5-S,2022-05-31,412.93
GRV8B9-S,2022-06-30,70.09287,LY6WH5-S,2022-06-30,377.25
GRV8B9-S,2022-07-31,71.32144,LY6WH5-S,2022-07-31,411.99
GRV8B9-S,2022-08-31,66.45405,LY6WH5-S,2022-08-31,395.18
GRV8B9-S,2022-09-30,33.69658,LY6WH5-S,2022-09-30,357.18
GRV8B9-S,2022-10-31,33.87565,LY6WH5-S,2022-10-31,386.21
GRV8B9-S,2022-11-30,34.61988,LY6WH5-S,2022-11-30,407.68
GRV8B9-S,2022-12-31,39.06202,LY6WH5-S,2022-12-31,382.43
GRV8B9-S,2023-01-31,46.2944,LY6WH5-S,2023-01-31,406.48
GRV8B9-S,2023-02-28,41.75305,LY6WH5-S,2023-02-28,396.26
GRV8B9-S,2023-03-31,43.52102,LY6WH5-S,2023-03-31,409.39
GRV8B9-S,2023-04-30,44.19564,LY6WH5-S,2023-04-30,415.93
GRV8B9-S,2023-05-31,43.88425,LY6WH5-S,2023-05-31,417.85
GRV8B9-S,2023-06-30,40.40677,LY6WH5-S,2023-06-30,443.28
GRV8B9-S,2023-07-31,46.05172,LY6WH5-S,2023-07-31,457.79
GRV8B9-S,2023-08-31,48.88527,LY6WH5-S,2023-08-31,450.35
GRV8B9-S,2023-09-30,51.06735,LY6WH5-S,2023-09-30,427.48
GRV8B9-S,2023-10-31,47.33389,LY6WH5-S,2023-10-31,418.2
GRV8B9-S,2023-11-30,54.99684,LY6WH5-S,2023-11-30,456.4
GRV8B9-S,2023-12-31,56.04734,LY6WH5-S,2023-12-31,475.31
GRV8B9-S,2024-01-31,55.9264,LY6WH5-S,2024-01-31,482.88
GRV8B9-S,2024-02-29,63.5328,LY6WH5-S,2024-02-29,508.08
GRV8B9-S,2024-03-31,66.30674,LY6WH5-S,2024-03-31,523.07
GRV8B9-S,2024-04-30,63.34572,LY6WH5-S,2024-04-30,503.49
GRV8B9-S,2024-05-31,60.80055,LY6WH5-S,2024-05-31,527.37
GRV8B9-S,2024-06-30,52.78234,LY6WH5-S,2024-06-30,544.22
GRV8B9-S,2024-07-31,57.4329,LY6WH5-S,2024-07-31,550.81
H8NJCD-S,2000-11-30,3.6888,LY6WH5-S,2000-11-30,132.281
H8NJCD-S,2000-12-31,4,LY6WH5-S,2000-12-31,131.188
H8NJCD-S,2001-01-31,4.3364,LY6WH5-S,2001-01-31,137.02
H8NJCD-S,2001-02-28,4.4102,LY6WH5-S,2001-02-28,123.95
H8NJCD-S,2001-03-31,4.095,LY6WH5-S,2001-03-31,116.69
H8NJCD-S,2001-04-30,4.015,LY6WH5-S,2001-04-30,124.91
H8NJCD-S,2001-05-31,4.3426,LY6WH5-S,2001-05-31,125.95
H8NJCD-S,2001-06-30,4.1734,LY6WH5-S,2001-06-30,122.6
H8NJCD-S,2001-07-31,4.27554,LY6WH5-S,2001-07-31,121.35
H8NJCD-S,2001-08-31,4.48955,LY6WH5-S,2001-08-31,114.15
H8NJCD-S,2001-09-30,4.43356,LY6WH5-S,2001-09-30,104.44
H8NJCD-S,2001-10-31,4.03972,LY6WH5-S,2001-10-31,105.8
H8NJCD-S,2001-11-30,3.92149,LY6WH5-S,2001-11-30,114.05
H8NJCD-S,2001-12-31,4.03573,LY6WH5-S,2001-12-31,114.3
H8NJCD-S,2002-01-31,3.78997,LY6WH5-S,2002-01-31,113.18
H8NJCD-S,2002-02-28,4.05076,LY6WH5-S,2002-02-28,111.15
H8NJCD-S,2002-03-31,3.8962,LY6WH5-S,2002-03-31,114.52
H8NJCD-S,2002-04-30,4.16936,LY6WH5-S,2002-04-30,107.86
H8NJCD-S,2002-05-31,4.42514,LY6WH5-S,2002-05-31,107.22
H8NJCD-S,2002-06-30,4.52027,LY6WH5-S,2002-06-30,98.96
H8NJCD-S,2002-07-31,3.99881,LY6WH5-S,2002-07-31,91.16
H8NJCD-S,2002-08-31,4.09436,LY6WH5-S,2002-08-31,91.78
H8NJCD-S,2002-09-30,3.77882,LY6WH5-S,2002-09-30,81.79
H8NJCD-S,2002-10-31,3.65117,LY6WH5-S,2002-10-31,88.52
H8NJCD-S,2002-11-30,4.0053,LY6WH5-S,2002-11-30,93.98
H8NJCD-S,2002-12-31,4.16642,LY6WH5-S,2002-12-31,88.23
H8NJCD-S,2003-01-31,3.70944,LY6WH5-S,2003-01-31,86.06
H8NJCD-S,2003-02-28,4.19292,LY6WH5-S,2003-02-28,84.9
H8NJCD-S,2003-03-31,4.61386,LY6WH5-S,2003-03-31,84.74
H8NJCD-S,2003-04-30,4.88529,LY6WH5-S,2003-04-30,91.91
H8NJCD-S,2003-05-31,5.67122,LY6WH5-S,2003-05-31,96.95
H8NJCD-S,2003-06-30,5.56405,LY6WH5-S,2003-06-30,97.63
H8NJCD-S,2003-07-31,5.39265,LY6WH5-S,2003-07-31,99.39
H8NJCD-S,2003-08-31,6.003,LY6WH5-S,2003-08-31,101.44
H8NJCD-S,2003-09-30,6.28899,LY6WH5-S,2003-09-30,99.95
H8NJCD-S,2003-10-31,6.44301,LY6WH5-S,2003-10-31,105.3
H8NJCD-S,2003-11-30,6.99254,LY6WH5-S,2003-11-30,106.45
H8NJCD-S,2003-12-31,7.25481,LY6WH5-S,2003-12-31,111.28
H8NJCD-S,2004-01-31,7.90445,LY6WH5-S,2004-01-31,113.48
H8NJCD-S,2004-02-29,8.23659,LY6WH5-S,2004-02-29,115.02
H8NJCD-S,2004-03-31,8.10462,LY6WH5-S,2004-03-31,113.1
H8NJCD-S,2004-04-30,8.21551,LY6WH5-S,2004-04-30,110.96
H8NJCD-S,2004-05-31,8.751,LY6WH5-S,2004-05-31,112.86
H8NJCD-S,2004-06-30,9.01905,LY6WH5-S,2004-06-30,114.53
H8NJCD-S,2004-07-31,9.06792,LY6WH5-S,2004-07-31,110.84
H8NJCD-S,2004-08-31,8.39806,LY6WH5-S,2004-08-31,111.11
H8NJCD-S,2004-09-30,9.01266,LY6WH5-S,2004-09-30,111.76
H8NJCD-S,2004-10-31,8.86794,LY6WH5-S,2004-10-31,113.2
H8NJCD-S,2004-11-30,9.44565,LY6WH5-S,2004-11-30,117.89
H8NJCD-S,2004-12-31,10.18691,LY6WH5-S,2004-12-31,120.87
H8NJCD-S,2005-01-31,9.56469,LY6WH5-S,2005-01-31,118.16
H8NJCD-S,2005-02-28,9.91498,LY6WH5-S,2005-02-28,120.63
H8NJCD-S,2005-03-31,9.83917,LY6WH5-S,2005-03-31,117.96
H8NJCD-S,2005-04-30,9.7439,LY6WH5-S,2005-04-30,115.75
H8NJCD-S,2005-05-31,9.73858,LY6WH5-S,2005-05-31,119.48
H8NJCD-S,2005-06-30,9.91013,LY6WH5-S,2005-06-30,119.18
H8NJCD-S,2005-07-31,10.22559,LY6WH5-S,2005-07-31,123.74
H8NJCD-S,2005-08-31,10.37217,LY6WH5-S,2005-08-31,122.58
H8NJCD-S,2005-09-30,10.33976,LY6WH5-S,2005-09-30,123.04
H8NJCD-S,2005-10-31,10.44859,LY6WH5-S,2005-10-31,120.13
H8NJCD-S,2005-11-30,10.04428,LY6WH5-S,2005-11-30,125.41
H8NJCD-S,2005-12-31,10.91175,LY6WH5-S,2005-12-31,124.51
H8NJCD-S,2006-01-31,11.11123,LY6WH5-S,2006-01-31,127.5
H8NJCD-S,2006-02-28,11.9837,LY6WH5-S,2006-02-28,128.23
H8NJCD-S,2006-03-31,13.54078,LY6WH5-S,2006-03-31,129.83
H8NJCD-S,2006-04-30,15.58584,LY6WH5-S,2006-04-30,131.47
H8NJCD-S,2006-05-31,14.32983,LY6WH5-S,2006-05-31,127.51
H8NJCD-S,2006-06-30,13.50762,LY6WH5-S,2006-06-30,127.23
H8NJCD-S,2006-07-31,13.27142,LY6WH5-S,2006-07-31,127.85
H8NJCD-S,2006-08-31,14.05405,LY6WH5-S,2006-08-31,130.64
H8NJCD-S,2006-09-30,15.23722,LY6WH5-S,2006-09-30,133.58
H8NJCD-S,2006-10-31,16.02877,LY6WH5-S,2006-10-31,137.79
H8NJCD-S,2006-11-30,16.85543,LY6WH5-S,2006-11-30,140.53
H8NJCD-S,2006-12-31,17.19411,LY6WH5-S,2006-12-31,141.62
H8NJCD-S,2007-01-31,17.21824,LY6WH5-S,2007-01-31,143.75
H8NJCD-S,2007-02-28,17.23022,LY6WH5-S,2007-02-28,140.93
H8NJCD-S,2007-03-31,17.82907,LY6WH5-S,2007-03-31,142
H8NJCD-S,2007-04-30,21.09929,LY6WH5-S,2007-04-30,148.29
H8NJCD-S,2007-05-31,21.46109,LY6WH5-S,2007-05-31,153.32
H8NJCD-S,2007-06-30,23.22965,LY6WH5-S,2007-06-30,150.43
H8NJCD-S,2007-07-31,23.84216,LY6WH5-S,2007-07-31,145.72
H8NJCD-S,2007-08-31,23.68055,LY6WH5-S,2007-08-31,147.59
H8NJCD-S,2007-09-30,25.06988,LY6WH5-S,2007-09-30,152.58
H8NJCD-S,2007-10-31,21.73976,LY6WH5-S,2007-10-31,154.65
H8NJCD-S,2007-11-30,21.92784,LY6WH5-S,2007-11-30,148.66
H8NJCD-S,2007-12-31,22.95156,LY6WH5-S,2007-12-31,146.21
H8NJCD-S,2008-01-31,15.2934,LY6WH5-S,2008-01-31,137.37
H8NJCD-S,2008-02-29,18.39029,LY6WH5-S,2008-02-29,133.82
H8NJCD-S,2008-03-31,18.78353,LY6WH5-S,2008-03-31,131.97
H8NJCD-S,2008-04-30,18.23359,LY6WH5-S,2008-04-30,138.26
H8NJCD-S,2008-05-31,21.334,LY6WH5-S,2008-05-31,140.35
H8NJCD-S,2008-06-30,18.08406,LY6WH5-S,2008-06-30,127.98
H8NJCD-S,2008-07-31,18.98847,LY6WH5-S,2008-07-31,126.83
H8NJCD-S,2008-08-31,20.1759,LY6WH5-S,2008-08-31,128.79
H8NJCD-S,2008-09-30,17.50819,LY6WH5-S,2008-09-30,115.99
H8NJCD-S,2008-10-31,14.03091,LY6WH5-S,2008-10-31,96.83
H8NJCD-S,2008-11-30,13.9847,LY6WH5-S,2008-11-30,90.09
H8NJCD-S,2008-12-31,15.86654,LY6WH5-S,2008-12-31,90.24
H8NJCD-S,2009-01-31,16.03892,LY6WH5-S,2009-01-31,82.83
H8NJCD-S,2009-02-28,14.89942,LY6WH5-S,2009-02-28,73.93
H8NJCD-S,2009-03-31,14.43889,LY6WH5-S,2009-03-31,79.52
H8NJCD-S,2009-04-30,13.64477,LY6WH5-S,2009-04-30,87.42
H8NJCD-S,2009-05-31,15.85521,LY6WH5-S,2009-05-31,92.53
H8NJCD-S,2009-06-30,16.23597,LY6WH5-S,2009-06-30,91.95
H8NJCD-S,2009-07-31,17.87941,LY6WH5-S,2009-07-31,98.81
H8NJCD-S,2009-08-31,17.17806,LY6WH5-S,2009-08-31,102.46
H8NJCD-S,2009-09-30,18.79976,LY6WH5-S,2009-09-30,105.59
H8NJCD-S,2009-10-31,18.45721,LY6WH5-S,2009-10-31,103.56
H8NJCD-S,2009-11-30,20.255,LY6WH5-S,2009-11-30,109.94
H8NJCD-S,2009-12-31,20.75526,LY6WH5-S,2009-12-31,111.44
H8NJCD-S,2010-01-31,20.68341,LY6WH5-S,2010-01-31,107.39
H8NJCD-S,2010-02-28,20.57357,LY6WH5-S,2010-02-28,110.74
H8NJCD-S,2010-03-31,22.17416,LY6WH5-S,2010-03-31,117
H8NJCD-S,2010-04-30,24.02349,LY6WH5-S,2010-04-30,118.812
H8NJCD-S,2010-05-31,21.4096,LY6WH5-S,2010-05-31,109.369
H8NJCD-S,2010-06-30,21.49194,LY6WH5-S,2010-06-30,103.22
H8NJCD-S,2010-07-31,25.54397,LY6WH5-S,2010-07-31,110.27
H8NJCD-S,2010-08-31,23.56115,LY6WH5-S,2010-08-31,105.31
H8NJCD-S,2010-09-30,25.48226,LY6WH5-S,2010-09-30,114.13
H8NJCD-S,2010-10-31,26.6182,LY6WH5-S,2010-10-31,118.49
H8NJCD-S,2010-11-30,26.18135,LY6WH5-S,2010-11-30,118.493
H8NJCD-S,2010-12-31,27.68721,LY6WH5-S,2010-12-31,125.75
H8NJCD-S,2011-01-31,27.71494,LY6WH5-S,2011-01-31,128.68
H8NJCD-S,2011-02-28,27.99133,LY6WH5-S,2011-02-28,133.15
H8NJCD-S,2011-03-31,30.66177,LY6WH5-S,2011-03-31,132.59
H8NJCD-S,2011-04-30,34.6155,LY6WH5-S,2011-04-30,136.43
H8NJCD-S,2011-05-31,33.53323,LY6WH5-S,2011-05-31,134.9
H8NJCD-S,2011-06-30,32.53897,LY6WH5-S,2011-06-30,131.97
H8NJCD-S,2011-07-31,32.67148,LY6WH5-S,2011-07-31,129.33
H8NJCD-S,2011-08-31,29.36003,LY6WH5-S,2011-08-31,122.22
H8NJCD-S,2011-09-30,28.65076,LY6WH5-S,2011-09-30,113.15
H8NJCD-S,2011-10-31,30.19908,LY6WH5-S,2011-10-31,125.5
H8NJCD-S,2011-11-30,32.09369,LY6WH5-S,2011-11-30,124.99
H8NJCD-S,2011-12-31,30.96754,LY6WH5-S,2011-12-31,125.5
H8NJCD-S,2012-01-31,28.17323,LY6WH5-S,2012-01-31,131.32
H8NJCD-S,2012-02-29,29.8682,LY6WH5-S,2012-02-29,137.02
H8NJCD-S,2012-03-31,29.08772,LY6WH5-S,2012-03-31,140.81
H8NJCD-S,2012-04-30,26.22519,LY6WH5-S,2012-04-30,139.87
H8NJCD-S,2012-05-31,26.80711,LY6WH5-S,2012-05-31,131.47
H8NJCD-S,2012-06-30,25.9124,LY6WH5-S,2012-06-30,136.105
H8NJCD-S,2012-07-31,24.70975,LY6WH5-S,2012-07-31,137.71
H8NJCD-S,2012-08-31,27.79329,LY6WH5-S,2012-08-31,141.16
H8NJCD-S,2012-09-30,27.59466,LY6WH5-S,2012-09-30,143.97
H8NJCD-S,2012-10-31,27.62047,LY6WH5-S,2012-10-31,141.35
H8NJCD-S,2012-11-30,27.54629,LY6WH5-S,2012-11-30,142.155
H8NJCD-S,2012-12-31,28.21194,LY6WH5-S,2012-12-31,142.41
H8NJCD-S,2013-01-31,32.81999,LY6WH5-S,2013-01-31,149.7
H8NJCD-S,2013-02-28,34.91145,LY6WH5-S,2013-02-28,151.61
H8NJCD-S,2013-03-31,33.81692,LY6WH5-S,2013-03-31,156.67
H8NJCD-S,2013-04-30,34.57148,LY6WH5-S,2013-04-30,159.68
H8NJCD-S,2013-05-31,34.57297,LY6WH5-S,2013-05-31,163.445
H8NJCD-S,2013-06-30,32.29954,LY6WH5-S,2013-06-30,160.42
H8NJCD-S,2013-07-31,34.21498,LY6WH5-S,2013-07-31,168.71
H8NJCD-S,2013-08-31,36.35978,LY6WH5-S,2013-08-31,163.65
H8NJCD-S,2013-09-30,38.27829,LY6WH5-S,2013-09-30,168.01
H8NJCD-S,2013-10-31,39.22534,LY6WH5-S,2013-10-31,175.79
H8NJCD-S,2013-11-30,38.75219,LY6WH5-S,2013-11-30,181
H8NJCD-S,2013-12-31,42.3881,LY6WH5-S,2013-12-31,184.69
H8NJCD-S,2014-01-31,43.15806,LY6WH5-S,2014-01-31,178.18
H8NJCD-S,2014-02-28,46.54735,LY6WH5-S,2014-02-28,186.29
H8NJCD-S,2014-03-31,43.99114,LY6WH5-S,2014-03-31,187.01
H8NJCD-S,2014-04-30,47.87249,LY6WH5-S,2014-04-30,188.31
H8NJCD-S,2014-05-31,48.7525,LY6WH5-S,2014-05-31,192.68
H8NJCD-S,2014-06-30,50.15427,LY6WH5-S,2014-06-30,195.72
H8NJCD-S,2014-07-31,49.53516,LY6WH5-S,2014-07-31,193.09
H8NJCD-S,2014-08-31,46.71347,LY6WH5-S,2014-08-31,200.71
H8NJCD-S,2014-09-30,43.39267,LY6WH5-S,2014-09-30,197.02
H8NJCD-S,2014-10-31,46.37384,LY6WH5-S,2014-10-31,201.66
H8NJCD-S,2014-11-30,44.04644,LY6WH5-S,2014-11-30,207.2
H8NJCD-S,2014-12-31,42.44786,LY6WH5-S,2014-12-31,205.54
H8NJCD-S,2015-01-31,45.61233,LY6WH5-S,2015-01-31,199.45
H8NJCD-S,2015-02-28,48.62505,LY6WH5-S,2015-02-28,210.66
H8NJCD-S,2015-03-31,45.71593,LY6WH5-S,2015-03-31,206.43
H8NJCD-S,2015-04-30,46.21621,LY6WH5-S,2015-04-30,208.46
H8NJCD-S,2015-05-31,48.01094,LY6WH5-S,2015-05-31,211.14
H8NJCD-S,2015-06-30,47.51094,LY6WH5-S,2015-06-30,205.85
H8NJCD-S,2015-07-31,52.52053,LY6WH5-S,2015-07-31,210.5
H8NJCD-S,2015-08-31,43.50665,LY6WH5-S,2015-08-31,197.67
H8NJCD-S,2015-09-30,43.52673,LY6WH5-S,2015-09-30,191.63
H8NJCD-S,2015-10-31,46.58431,LY6WH5-S,2015-10-31,207.93
H8NJCD-S,2015-11-30,48.06331,LY6WH5-S,2015-11-30,208.69
H8NJCD-S,2015-12-31,48.35277,LY6WH5-S,2015-12-31,203.87
H8NJCD-S,2016-01-31,41.46821,LY6WH5-S,2016-01-31,193.721
H8NJCD-S,2016-02-29,42.97222,LY6WH5-S,2016-02-29,193.56
H8NJCD-S,2016-03-31,45.0294,LY6WH5-S,2016-03-31,205.52
H8NJCD-S,2016-04-30,47.93561,LY6WH5-S,2016-04-30,206.331
H8NJCD-S,2016-05-31,47.59232,LY6WH5-S,2016-05-31,209.84
H8NJCD-S,2016-06-30,47.72429,LY6WH5-S,2016-06-30,209.475
H8NJCD-S,2016-07-31,49.08704,LY6WH5-S,2016-07-31,217.12
H8NJCD-S,2016-08-31,43.29153,LY6WH5-S,2016-08-31,217.38
H8NJCD-S,2016-09-30,43.99369,LY6WH5-S,2016-09-30,216.3
H8NJCD-S,2016-10-31,37.09025,LY6WH5-S,2016-10-31,212.55
H8NJCD-S,2016-11-30,33.90556,LY6WH5-S,2016-11-30,220.38
H8NJCD-S,2016-12-31,34.54121,LY6WH5-S,2016-12-31,223.53
H8NJCD-S,2017-01-31,38.98689,LY6WH5-S,2017-01-31,227.53
H8NJCD-S,2017-02-28,38.5847,LY6WH5-S,2017-02-28,236.47
H8NJCD-S,2017-03-31,39.75405,LY6WH5-S,2017-03-31,235.74
H8NJCD-S,2017-04-30,43.19307,LY6WH5-S,2017-04-30,238.08
H8NJCD-S,2017-05-31,45.31507,LY6WH5-S,2017-05-31,241.44
H8NJCD-S,2017-06-30,43.70436,LY6WH5-S,2017-06-30,241.8
H8NJCD-S,2017-07-31,46.00763,LY6WH5-S,2017-07-31,246.77
H8NJCD-S,2017-08-31,50.79964,LY6WH5-S,2017-08-31,247.49
H8NJCD-S,2017-09-30,51.32808,LY6WH5-S,2017-09-30,251.23
H8NJCD-S,2017-10-31,55.23201,LY6WH5-S,2017-10-31,257.15
H8NJCD-S,2017-11-30,54.216,LY6WH5-S,2017-11-30,265.01
H8NJCD-S,2017-12-31,57.17373,LY6WH5-S,2017-12-31,266.86
H8NJCD-S,2018-01-31,55.65599,LY6WH5-S,2018-01-31,281.9
H8NJCD-S,2018-02-28,51.59874,LY6WH5-S,2018-02-28,271.65
H8NJCD-S,2018-03-31,51.79474,LY6WH5-S,2018-03-31,263.15
H8NJCD-S,2018-04-30,47.2704,LY6WH5-S,2018-04-30,264.51
H8NJCD-S,2018-05-31,50.90527,LY6WH5-S,2018-05-31,270.94
H8NJCD-S,2018-06-30,50.72475,LY6WH5-S,2018-06-30,271.28
H8NJCD-S,2018-07-31,52.69151,LY6WH5-S,2018-07-31,281.33
H8NJCD-S,2018-08-31,54.93476,LY6WH5-S,2018-08-31,290.31
H8NJCD-S,2018-09-30,54.91913,LY6WH5-S,2018-09-30,290.72
H8NJCD-S,2018-10-31,49.43278,LY6WH5-S,2018-10-31,270.63
H8NJCD-S,2018-11-30,46.59101,LY6WH5-S,2018-11-30,275.65
H8NJCD-S,2018-12-31,44.54415,LY6WH5-S,2018-12-31,249.92
H8NJCD-S,2019-01-31,41.81715,LY6WH5-S,2019-01-31,269.93
H8NJCD-S,2019-02-28,45.44969,LY6WH5-S,2019-02-28,278.68
H8NJCD-S,2019-03-31,46.02438,LY6WH5-S,2019-03-31,282.48
H8NJCD-S,2019-04-30,46.56504,LY6WH5-S,2019-04-30,294.02
H8NJCD-S,2019-05-31,46.93141,LY6WH5-S,2019-05-31,275.27
H8NJCD-S,2019-06-30,46.7043,LY6WH5-S,2019-06-30,293
H8NJCD-S,2019-07-31,46.71483,LY6WH5-S,2019-07-31,297.43
H8NJCD-S,2019-08-31,42.72886,LY6WH5-S,2019-08-31,292.45
H8NJCD-S,2019-09-30,42.0527,LY6WH5-S,2019-09-30,296.77
H8NJCD-S,2019-10-31,47.10556,LY6WH5-S,2019-10-31,303.33
H8NJCD-S,2019-11-30,47.813,LY6WH5-S,2019-11-30,314.31
H8NJCD-S,2019-12-31,48.88949,LY6WH5-S,2019-12-31,321.86
H8NJCD-S,2020-01-31,52.18474,LY6WH5-S,2020-01-31,321.73
H8NJCD-S,2020-02-29,50.43252,LY6WH5-S,2020-02-29,296.26
H8NJCD-S,2020-03-31,45.47994,LY6WH5-S,2020-03-31,257.75
H8NJCD-S,2020-04-30,48.98211,LY6WH5-S,2020-04-30,290.48
H8NJCD-S,2020-05-31,54.68085,LY6WH5-S,2020-05-31,304.32
H8NJCD-S,2020-06-30,57.79127,LY6WH5-S,2020-06-30,308.36
H8NJCD-S,2020-07-31,59.9176,LY6WH5-S,2020-07-31,326.52
H8NJCD-S,2020-08-31,59.29651,LY6WH5-S,2020-08-31,349.31
H8NJCD-S,2020-09-30,62.9987,LY6WH5-S,2020-09-30,334.89
H8NJCD-S,2020-10-31,60.09591,LY6WH5-S,2020-10-31,326.54
H8NJCD-S,2020-11-30,57.35637,LY6WH5-S,2020-11-30,362.06
H8NJCD-S,2020-12-31,57.79104,LY6WH5-S,2020-12-31,373.88
H8NJCD-S,2021-01-31,60.30709,LY6WH5-S,2021-01-31,370.07
H8NJCD-S,2021-02-28,62.15874,LY6WH5-S,2021-02-28,380.36
H8NJCD-S,2021-03-31,64.20721,LY6WH5-S,2021-03-31,396.33
H8NJCD-S,2021-04-30,71.71769,LY6WH5-S,2021-04-30,417.3
H8NJCD-S,2021-05-31,72.95802,LY6WH5-S,2021-05-31,420.04
H8NJCD-S,2021-06-30,75.38414,LY6WH5-S,2021-06-30,428.06
H8NJCD-S,2021-07-31,78.54422,LY6WH5-S,2021-07-31,438.51
H8NJCD-S,2021-08-31,80.76383,LY6WH5-S,2021-08-31,451.56
H8NJCD-S,2021-09-30,68.57748,LY6WH5-S,2021-09-30,429.14
H8NJCD-S,2021-10-31,73.61143,LY6WH5-S,2021-10-31,459.25
H8NJCD-S,2021-11-30,75.23668,LY6WH5-S,2021-11-30,455.56
H8NJCD-S,2021-12-31,81.85531,LY6WH5-S,2021-12-31,474.96
H8NJCD-S,2022-01-31,68.23558,LY6WH5-S,2022-01-31,449.91
H8NJCD-S,2022-02-28,65.71487,LY6WH5-S,2022-02-28,436.63
H8NJCD-S,2022-03-31,69.25591,LY6WH5-S,2022-03-31,451.64
H8NJCD-S,2022-04-30,70.08637,LY6WH5-S,2022-04-30,412
H8NJCD-S,2022-05-31,63.34099,LY6WH5-S,2022-05-31,412.93
H8NJCD-S,2022-06-30,59.88739,LY6WH5-S,2022-06-30,377.25
H8NJCD-S,2022-07-31,63.58662,LY6WH5-S,2022-07-31,411.99
H8NJCD-S,2022-08-31,57.54229,LY6WH5-S,2022-08-31,395.18
H8NJCD-S,2022-09-30,50.48815,LY6WH5-S,2022-09-30,357.18
H8NJCD-S,2022-10-31,52.53201,LY6WH5-S,2022-10-31,386.21
H8NJCD-S,2022-11-30,56.81299,LY6WH5-S,2022-11-30,407.68
H8NJCD-S,2022-12-31,50.50338,LY6WH5-S,2022-12-31,382.43
H8NJCD-S,2023-01-31,51.81173,LY6WH5-S,2023-01-31,406.48
H8NJCD-S,2023-02-28,48.33286,LY6WH5-S,2023-02-28,396.26
H8NJCD-S,2023-03-31,51.17734,LY6WH5-S,2023-03-31,409.39
H8NJCD-S,2023-04-30,52.04923,LY6WH5-S,2023-04-30,415.93
H8NJCD-S,2023-05-31,48.05875,LY6WH5-S,2023-05-31,417.85
H8NJCD-S,2023-06-30,46.57978,LY6WH5-S,2023-06-30,443.28
H8NJCD-S,2023-07-31,50.34874,LY6WH5-S,2023-07-31,457.79
H8NJCD-S,2023-08-31,43.46908,LY6WH5-S,2023-08-31,450.35
H8NJCD-S,2023-09-30,40.42197,LY6WH5-S,2023-09-30,427.48
H8NJCD-S,2023-10-31,44.83562,LY6WH5-S,2023-10-31,418.2
H8NJCD-S,2023-11-30,51.96725,LY6WH5-S,2023-11-30,456.4
H8NJCD-S,2023-12-31,54.99122,LY6WH5-S,2023-12-31,475.31
H8NJCD-S,2024-01-31,51.63368,LY6WH5-S,2024-01-31,482.88
H8NJCD-S,2024-02-29,56.44353,LY6WH5-S,2024-02-29,508.08
H8NJCD-S,2024-03-31,58.78257,LY6WH5-S,2024-03-31,523.07
H8NJCD-S,2024-04-30,55.71047,LY6WH5-S,2024-04-30,503.49
H8NJCD-S,2024-05-31,59.46992,LY6WH5-S,2024-05-31,527.37
H8NJCD-S,2024-06-30,61.2371,LY6WH5-S,2024-06-30,544.22
H8NJCD-S,2024-07-31,63.66102,LY6WH5-S,2024-07-31,550.81
JT6S2Y-S,2005-07-31,2.58896,LY6WH5-S,2005-07-31,123.74
JT6S2Y-S,2005-08-31,2.56831,LY6WH5-S,2005-08-31,122.58
JT6S2Y-S,2005-09-30,2.47993,LY6WH5-S,2005-09-30,123.04
JT6S2Y-S,2005-10-31,2.55999,LY6WH5-S,2005-10-31,120.13
JT6S2Y-S,2005-11-30,2.68902,LY6WH5-S,2005-11-30,125.41
JT6S2Y-S,2005-12-31,2.80305,LY6WH5-S,2005-12-31,124.51
JT6S2Y-S,2006-01-31,2.79814,LY6WH5-S,2006-01-31,127.5
JT6S2Y-S,2006-02-28,2.94,LY6WH5-S,2006-02-28,128.23
JT6S2Y-S,2006-03-31,3.10546,LY6WH5-S,2006-03-31,129.83
JT6S2Y-S,2006-04-30,3.24213,LY6WH5-S,2006-04-30,131.47
JT6S2Y-S,2006-05-31,3.1002,LY6WH5-S,2006-05-31,127.51
JT6S2Y-S,2006-06-30,3.18406,LY6WH5-S,2006-06-30,127.23
JT6S2Y-S,2006-07-31,3.07842,LY6WH5-S,2006-07-31,127.85
JT6S2Y-S,2006-08-31,3.69369,LY6WH5-S,2006-08-31,130.64
JT6S2Y-S,2006-09-30,3.71163,LY6WH5-S,2006-09-30,133.58
JT6S2Y-S,2006-10-31,3.77601,LY6WH5-S,2006-10-31,137.79
JT6S2Y-S,2006-11-30,3.8627,LY6WH5-S,2006-11-30,140.53
JT6S2Y-S,2006-12-31,4.16143,LY6WH5-S,2006-12-31,141.62
JT6S2Y-S,2007-01-31,4.29585,LY6WH5-S,2007-01-31,143.75
JT6S2Y-S,2007-02-28,4.29869,LY6WH5-S,2007-02-28,140.93
JT6S2Y-S,2007-03-31,4.54659,LY6WH5-S,2007-03-31,142
JT6S2Y-S,2007-04-30,4.91767,LY6WH5-S,2007-04-30,148.29
JT6S2Y-S,2007-05-31,5.26592,LY6WH5-S,2007-05-31,153.32
JT6S2Y-S,2007-06-30,5.44445,LY6WH5-S,2007-06-30,150.43
JT6S2Y-S,2007-07-31,5.28906,LY6WH5-S,2007-07-31,145.72
JT6S2Y-S,2007-08-31,5.56328,LY6WH5-S,2007-08-31,147.59
JT6S2Y-S,2007-09-30,6.01944,LY6WH5-S,2007-09-30,152.58
JT6S2Y-S,2007-10-31,6.19195,LY6WH5-S,2007-10-31,154.65
JT6S2Y-S,2007-11-30,6.36773,LY6WH5-S,2007-11-30,148.66
JT6S2Y-S,2007-12-31,6.60548,LY6WH5-S,2007-12-31,146.21
JT6S2Y-S,2008-01-31,6.19681,LY6WH5-S,2008-01-31,137.37
JT6S2Y-S,2008-02-29,6.87345,LY6WH5-S,2008-02-29,133.82
JT6S2Y-S,2008-03-31,6.86321,LY6WH5-S,2008-03-31,131.97
JT6S2Y-S,2008-04-30,6.86368,LY6WH5-S,2008-04-30,138.26
JT6S2Y-S,2008-05-31,6.5002,LY6WH5-S,2008-05-31,140.35
JT6S2Y-S,2008-06-30,6.54914,LY6WH5-S,2008-06-30,127.98
JT6S2Y-S,2008-07-31,6.38874,LY6WH5-S,2008-07-31,126.83
JT6S2Y-S,2008-08-31,5.65596,LY6WH5-S,2008-08-31,128.79
JT6S2Y-S,2008-09-30,5.10185,LY6WH5-S,2008-09-30,115.99
JT6S2Y-S,2008-10-31,5.31267,LY6WH5-S,2008-10-31,96.83
JT6S2Y-S,2008-11-30,5.11012,LY6WH5-S,2008-11-30,90.09
JT6S2Y-S,2008-12-31,5.14334,LY6WH5-S,2008-12-31,90.24
JT6S2Y-S,2009-01-31,5.37209,LY6WH5-S,2009-01-31,82.83
JT6S2Y-S,2009-02-28,4.8926,LY6WH5-S,2009-02-28,73.93
JT6S2Y-S,2009-03-31,4.78622,LY6WH5-S,2009-03-31,79.52
JT6S2Y-S,2009-04-30,4.79435,LY6WH5-S,2009-04-30,87.42
JT6S2Y-S,2009-05-31,5.21853,LY6WH5-S,2009-05-31,92.53
JT6S2Y-S,2009-06-30,5.40571,LY6WH5-S,2009-06-30,91.95
JT6S2Y-S,2009-07-31,5.85508,LY6WH5-S,2009-07-31,98.81
JT6S2Y-S,2009-08-31,6.10197,LY6WH5-S,2009-08-31,102.46
JT6S2Y-S,2009-09-30,6.2535,LY6WH5-S,2009-09-30,105.59
JT6S2Y-S,2009-10-31,6.24492,LY6WH5-S,2009-10-31,103.56
JT6S2Y-S,2009-11-30,6.70796,LY6WH5-S,2009-11-30,109.94
JT6S2Y-S,2009-12-31,6.38032,LY6WH5-S,2009-12-31,111.44
JT6S2Y-S,2010-01-31,6.82291,LY6WH5-S,2010-01-31,107.39
JT6S2Y-S,2010-02-28,7.07789,LY6WH5-S,2010-02-28,110.74
JT6S2Y-S,2010-03-31,7.77368,LY6WH5-S,2010-03-31,117
JT6S2Y-S,2010-04-30,8.18578,LY6WH5-S,2010-04-30,118.812
JT6S2Y-S,2010-05-31,7.71109,LY6WH5-S,2010-05-31,109.369
JT6S2Y-S,2010-06-30,8.12484,LY6WH5-S,2010-06-30,103.22
JT6S2Y-S,2010-07-31,8.55137,LY6WH5-S,2010-07-31,110.27
JT6S2Y-S,2010-08-31,8.60494,LY6WH5-S,2010-08-31,105.31
JT6S2Y-S,2010-09-30,9.93826,LY6WH5-S,2010-09-30,114.13
JT6S2Y-S,2010-10-31,10.51307,LY6WH5-S,2010-10-31,118.49
JT6S2Y-S,2010-11-30,9.92062,LY6WH5-S,2010-11-30,118.493
JT6S2Y-S,2010-12-31,11.20673,LY6WH5-S,2010-12-31,125.75
JT6S2Y-S,2011-01-31,11.28276,LY6WH5-S,2011-01-31,128.68
JT6S2Y-S,2011-02-28,12.60629,LY6WH5-S,2011-02-28,133.15
JT6S2Y-S,2011-03-31,12.58065,LY6WH5-S,2011-03-31,132.59
JT6S2Y-S,2011-04-30,12.66251,LY6WH5-S,2011-04-30,136.43
JT6S2Y-S,2011-05-31,12.52434,LY6WH5-S,2011-05-31,134.9
JT6S2Y-S,2011-06-30,12.54714,LY6WH5-S,2011-06-30,131.97
JT6S2Y-S,2011-07-31,12.24698,LY6WH5-S,2011-07-31,129.33
JT6S2Y-S,2011-08-31,10.69834,LY6WH5-S,2011-08-31,122.22
JT6S2Y-S,2011-09-30,10.02506,LY6WH5-S,2011-09-30,113.15
JT6S2Y-S,2011-10-31,10.77869,LY6WH5-S,2011-10-31,125.5
JT6S2Y-S,2011-11-30,11.36765,LY6WH5-S,2011-11-30,124.99
JT6S2Y-S,2011-12-31,11.52768,LY6WH5-S,2011-12-31,125.5
JT6S2Y-S,2012-01-31,11.83276,LY6WH5-S,2012-01-31,131.32
JT6S2Y-S,2012-02-29,14.07944,LY6WH5-S,2012-02-29,137.02
JT6S2Y-S,2012-03-31,13.82785,LY6WH5-S,2012-03-31,140.81
JT6S2Y-S,2012-04-30,14.74945,LY6WH5-S,2012-04-30,139.87
JT6S2Y-S,2012-05-31,13.30371,LY6WH5-S,2012-05-31,131.47
JT6S2Y-S,2012-06-30,14.48397,LY6WH5-S,2012-06-30,136.105
JT6S2Y-S,2012-07-31,15.46635,LY6WH5-S,2012-07-31,137.71
JT6S2Y-S,2012-08-31,15.7828,LY6WH5-S,2012-08-31,141.16
JT6S2Y-S,2012-09-30,15.81645,LY6WH5-S,2012-09-30,143.97
JT6S2Y-S,2012-10-31,16.11194,LY6WH5-S,2012-10-31,141.35
JT6S2Y-S,2012-11-30,15.8827,LY6WH5-S,2012-11-30,142.155
JT6S2Y-S,2012-12-31,16.24136,LY6WH5-S,2012-12-31,142.41
JT6S2Y-S,2013-01-31,18.39302,LY6WH5-S,2013-01-31,149.7
JT6S2Y-S,2013-02-28,17.49079,LY6WH5-S,2013-02-28,151.61
JT6S2Y-S,2013-03-31,16.20537,LY6WH5-S,2013-03-31,156.67
JT6S2Y-S,2013-04-30,17.55984,LY6WH5-S,2013-04-30,159.68
JT6S2Y-S,2013-05-31,16.06974,LY6WH5-S,2013-05-31,163.445
JT6S2Y-S,2013-06-30,15.72709,LY6WH5-S,2013-06-30,160.42
JT6S2Y-S,2013-07-31,16.88485,LY6WH5-S,2013-07-31,168.71
JT6S2Y-S,2013-08-31,16.66858,LY6WH5-S,2013-08-31,163.65
JT6S2Y-S,2013-09-30,16.98838,LY6WH5-S,2013-09-30,168.01
JT6S2Y-S,2013-10-31,16.65983,LY6WH5-S,2013-10-31,175.79
JT6S2Y-S,2013-11-30,17.95232,LY6WH5-S,2013-11-30,181
JT6S2Y-S,2013-12-31,18.40707,LY6WH5-S,2013-12-31,184.69
JT6S2Y-S,2014-01-31,19.78982,LY6WH5-S,2014-01-31,178.18
JT6S2Y-S,2014-02-28,23.84742,LY6WH5-S,2014-02-28,186.29
JT6S2Y-S,2014-03-31,22.78014,LY6WH5-S,2014-03-31,187.01
JT6S2Y-S,2014-04-30,22.54298,LY6WH5-S,2014-04-30,188.31
JT6S2Y-S,2014-05-31,21.11515,LY6WH5-S,2014-05-31,192.68
JT6S2Y-S,2014-06-30,23.0111,LY6WH5-S,2014-06-30,195.72
JT6S2Y-S,2014-07-31,23.14333,LY6WH5-S,2014-07-31,193.09
JT6S2Y-S,2014-08-31,22.98402,LY6WH5-S,2014-08-31,200.71
JT6S2Y-S,2014-09-30,23.92791,LY6WH5-S,2014-09-30,197.02
JT6S2Y-S,2014-10-31,22.61461,LY6WH5-S,2014-10-31,201.66
JT6S2Y-S,2014-11-30,22.86093,LY6WH5-S,2014-11-30,207.2
JT6S2Y-S,2014-12-31,21.26478,LY6WH5-S,2014-12-31,205.54
JT6S2Y-S,2015-01-31,22.39689,LY6WH5-S,2015-01-31,199.45
JT6S2Y-S,2015-02-28,24.02694,LY6WH5-S,2015-02-28,210.66
JT6S2Y-S,2015-03-31,26.73951,LY6WH5-S,2015-03-31,206.43
JT6S2Y-S,2015-04-30,28.43093,LY6WH5-S,2015-04-30,208.46
JT6S2Y-S,2015-05-31,27.87044,LY6WH5-S,2015-05-31,211.14
JT6S2Y-S,2015-06-30,27.22806,LY6WH5-S,2015-06-30,205.85
JT6S2Y-S,2015-07-31,29.4956,LY6WH5-S,2015-07-31,210.5
JT6S2Y-S,2015-08-31,27.71335,LY6WH5-S,2015-08-31,197.67
JT6S2Y-S,2015-09-30,26.79834,LY6WH5-S,2015-09-30,191.63
JT6S2Y-S,2015-10-31,26.68415,LY6WH5-S,2015-10-31,207.93
JT6S2Y-S,2015-11-30,27.53554,LY6WH5-S,2015-11-30,208.69
JT6S2Y-S,2015-12-31,29.24422,LY6WH5-S,2015-12-31,203.87
JT6S2Y-S,2016-01-31,27.54156,LY6WH5-S,2016-01-31,193.721
JT6S2Y-S,2016-02-29,25.929,LY6WH5-S,2016-02-29,193.56
JT6S2Y-S,2016-03-31,27.16448,LY6WH5-S,2016-03-31,205.52
JT6S2Y-S,2016-04-30,27.92269,LY6WH5-S,2016-04-30,206.331
JT6S2Y-S,2016-05-31,27.82205,LY6WH5-S,2016-05-31,209.84
JT6S2Y-S,2016-06-30,26.73665,LY6WH5-S,2016-06-30,209.475
JT6S2Y-S,2016-07-31,28.49755,LY6WH5-S,2016-07-31,217.12
JT6S2Y-S,2016-08-31,23.39659,LY6WH5-S,2016-08-31,217.38
JT6S2Y-S,2016-09-30,20.78193,LY6WH5-S,2016-09-30,216.3
JT6S2Y-S,2016-10-31,17.85991,LY6WH5-S,2016-10-31,212.55
JT6S2Y-S,2016-11-30,16.96704,LY6WH5-S,2016-11-30,220.38
JT6S2Y-S,2016-12-31,18.06499,LY6WH5-S,2016-12-31,223.53
JT6S2Y-S,2017-01-31,17.97495,LY6WH5-S,2017-01-31,227.53
JT6S2Y-S,2017-02-28,17.81273,LY6WH5-S,2017-02-28,236.47
JT6S2Y-S,2017-03-31,17.2234,LY6WH5-S,2017-03-31,235.74
JT6S2Y-S,2017-04-30,19.45152,LY6WH5-S,2017-04-30,238.08
JT6S2Y-S,2017-05-31,21.26695,LY6WH5-S,2017-05-31,241.44
JT6S2Y-S,2017-06-30,21.38431,LY6WH5-S,2017-06-30,241.8
JT6S2Y-S,2017-07-31,21.25198,LY6WH5-S,2017-07-31,246.77
JT6S2Y-S,2017-08-31,23.81733,LY6WH5-S,2017-08-31,247.49
JT6S2Y-S,2017-09-30,23.90863,LY6WH5-S,2017-09-30,251.23
JT6S2Y-S,2017-10-31,24.87632,LY6WH5-S,2017-10-31,257.15
JT6S2Y-S,2017-11-30,25.85834,LY6WH5-S,2017-11-30,265.01
JT6S2Y-S,2017-12-31,26.97407,LY6WH5-S,2017-12-31,266.86
JT6S2Y-S,2018-01-31,27.90332,LY6WH5-S,2018-01-31,281.9
JT6S2Y-S,2018-02-28,25.93042,LY6WH5-S,2018-02-28,271.65
JT6S2Y-S,2018-03-31,24.66219,LY6WH5-S,2018-03-31,263.15
JT6S2Y-S,2018-04-30,23.65953,LY6WH5-S,2018-04-30,264.51
JT6S2Y-S,2018-05-31,23.71581,LY6WH5-S,2018-05-31,270.94
JT6S2Y-S,2018-06-30,23.19204,LY6WH5-S,2018-06-30,271.28
JT6S2Y-S,2018-07-31,24.98332,LY6WH5-S,2018-07-31,281.33
JT6S2Y-S,2018-08-31,24.56068,LY6WH5-S,2018-08-31,290.31
JT6S2Y-S,2018-09-30,23.55012,LY6WH5-S,2018-09-30,290.72
JT6S2Y-S,2018-10-31,21.63349,LY6WH5-S,2018-10-31,270.63
JT6S2Y-S,2018-11-30,23.21207,LY6WH5-S,2018-11-30,275.65
JT6S2Y-S,2018-12-31,22.80801,LY6WH5-S,2018-12-31,249.92
JT6S2Y-S,2019-01-31,23.37519,LY6WH5-S,2019-01-31,269.93
JT6S2Y-S,2019-02-28,24.56008,LY6WH5-S,2019-02-28,278.68
JT6S2Y-S,2019-03-31,26.20081,LY6WH5-S,2019-03-31,282.48
JT6S2Y-S,2019-04-30,24.43089,LY6WH5-S,2019-04-30,294.02
JT6S2Y-S,2019-05-31,23.47317,LY6WH5-S,2019-05-31,275.27
JT6S2Y-S,2019-06-30,25.51877,LY6WH5-S,2019-06-30,293
JT6S2Y-S,2019-07-31,24.15513,LY6WH5-S,2019-07-31,297.43
JT6S2Y-S,2019-08-31,26.0169,LY6WH5-S,2019-08-31,292.45
JT6S2Y-S,2019-09-30,25.70982,LY6WH5-S,2019-09-30,296.77
JT6S2Y-S,2019-10-31,27.32018,LY6WH5-S,2019-10-31,303.33
JT6S2Y-S,2019-11-30,28.12703,LY6WH5-S,2019-11-30,314.31
JT6S2Y-S,2019-12-31,28.99252,LY6WH5-S,2019-12-31,321.86
JT6S2Y-S,2020-01-31,30.58569,LY6WH5-S,2020-01-31,321.73
JT6S2Y-S,2020-02-29,29.08947,LY6WH5-S,2020-02-29,296.26
JT6S2Y-S,2020-03-31,30.08102,LY6WH5-S,2020-03-31,257.75
JT6S2Y-S,2020-04-30,31.88389,LY6WH5-S,2020-04-30,290.48
JT6S2Y-S,2020-05-31,32.55257,LY6WH5-S,2020-05-31,304.32
JT6S2Y-S,2020-06-30,32.35407,LY6WH5-S,2020-06-30,308.36
JT6S2Y-S,2020-07-31,33.0944,LY6WH5-S,2020-07-31,326.52
JT6S2Y-S,2020-08-31,33.18661,LY6WH5-S,2020-08-31,349.31
JT6S2Y-S,2020-09-30,34.60675,LY6WH5-S,2020-09-30,334.89
JT6S2Y-S,2020-10-31,32.11713,LY6WH5-S,2020-10-31,326.54
JT6S2Y-S,2020-11-30,33.72439,LY6WH5-S,2020-11-30,362.06
JT6S2Y-S,2020-12-31,35.27403,LY6WH5-S,2020-12-31,373.88
JT6S2Y-S,2021-01-31,34.74355,LY6WH5-S,2021-01-31,370.07
JT6S2Y-S,2021-02-28,35.74373,LY6WH5-S,2021-02-28,380.36
JT6S2Y-S,2021-03-31,33.9565,LY6WH5-S,2021-03-31,396.33
JT6S2Y-S,2021-04-30,36.89723,LY6WH5-S,2021-04-30,417.3
JT6S2Y-S,2021-05-31,39.5614,LY6WH5-S,2021-05-31,420.04
JT6S2Y-S,2021-06-30,41.89426,LY6WH5-S,2021-06-30,428.06
JT6S2Y-S,2021-07-31,46.23061,LY6WH5-S,2021-07-31,438.51
JT6S2Y-S,2021-08-31,49.81865,LY6WH5-S,2021-08-31,451.56
JT6S2Y-S,2021-09-30,48.42506,LY6WH5-S,2021-09-30,429.14
JT6S2Y-S,2021-10-31,54.78078,LY6WH5-S,2021-10-31,459.25
JT6S2Y-S,2021-11-30,53.32859,LY6WH5-S,2021-11-30,455.56
JT6S2Y-S,2021-12-31,55.99744,LY6WH5-S,2021-12-31,474.96
JT6S2Y-S,2022-01-31,49.42522,LY6WH5-S,2022-01-31,449.91
JT6S2Y-S,2022-02-28,51.49829,LY6WH5-S,2022-02-28,436.63
JT6S2Y-S,2022-03-31,56.01053,LY6WH5-S,2022-03-31,451.64
JT6S2Y-S,2022-04-30,57.59931,LY6WH5-S,2022-04-30,412
JT6S2Y-S,2022-05-31,55.27038,LY6WH5-S,2022-05-31,412.93
JT6S2Y-S,2022-06-30,55.33258,LY6WH5-S,2022-06-30,377.25
JT6S2Y-S,2022-07-31,58.47833,LY6WH5-S,2022-07-31,411.99
JT6S2Y-S,2022-08-31,53.57409,LY6WH5-S,2022-08-31,395.18
JT6S2Y-S,2022-09-30,50.15877,LY6WH5-S,2022-09-30,357.18
JT6S2Y-S,2022-10-31,54.3707,LY6WH5-S,2022-10-31,386.21
JT6S2Y-S,2022-11-30,61.18748,LY6WH5-S,2022-11-30,407.68
JT6S2Y-S,2022-12-31,67.30914,LY6WH5-S,2022-12-31,382.43
JT6S2Y-S,2023-01-31,68.83413,LY6WH5-S,2023-01-31,406.48
JT6S2Y-S,2023-02-28,70.97464,LY6WH5-S,2023-02-28,396.26
JT6S2Y-S,2023-03-31,79.17977,LY6WH5-S,2023-03-31,409.39
JT6S2Y-S,2023-04-30,83.28766,LY6WH5-S,2023-04-30,415.93
JT6S2Y-S,2023-05-31,79.8975,LY6WH5-S,2023-05-31,417.85
JT6S2Y-S,2023-06-30,80.5439,LY6WH5-S,2023-06-30,443.28
JT6S2Y-S,2023-07-31,80.86896,LY6WH5-S,2023-07-31,457.79
JT6S2Y-S,2023-08-31,92.76317,LY6WH5-S,2023-08-31,450.35
JT6S2Y-S,2023-09-30,91.42152,LY6WH5-S,2023-09-30,427.48
JT6S2Y-S,2023-10-31,95.87402,LY6WH5-S,2023-10-31,418.2
JT6S2Y-S,2023-11-30,101.78322,LY6WH5-S,2023-11-30,456.4
JT6S2Y-S,2023-12-31,103.44751,LY6WH5-S,2023-12-31,475.31
JT6S2Y-S,2024-01-31,112.91498,LY6WH5-S,2024-01-31,482.88
JT6S2Y-S,2024-02-29,118.99888,LY6WH5-S,2024-02-29,508.08
JT6S2Y-S,2024-03-31,127.85063,LY6WH5-S,2024-03-31,523.07
JT6S2Y-S,2024-04-30,129.39852,LY6WH5-S,2024-04-30,503.49
JT6S2Y-S,2024-05-31,134.96441,LY6WH5-S,2024-05-31,527.37
JT6S2Y-S,2024-06-30,145.355,LY6WH5-S,2024-06-30,544.22
JT6S2Y-S,2024-07-31,132.2525,LY6WH5-S,2024-07-31,550.81
M9H31F-S,2015-06-30,30.12393,LY6WH5-S,2015-06-30,205.85
M9H31F-S,2015-07-31,32.84598,LY6WH5-S,2015-07-31,210.5
M9H31F-S,2015-08-31,30.76758,LY6WH5-S,2015-08-31,197.67
M9H31F-S,2015-09-30,31.53576,LY6WH5-S,2015-09-30,191.63
M9H31F-S,2015-10-31,31.31721,LY6WH5-S,2015-10-31,207.93
M9H31F-S,2015-11-30,34.89979,LY6WH5-S,2015-11-30,208.69
M9H31F-S,2015-12-31,31.96818,LY6WH5-S,2015-12-31,203.87
M9H31F-S,2016-01-31,27.93421,LY6WH5-S,2016-01-31,193.721
M9H31F-S,2016-02-29,26.22251,LY6WH5-S,2016-02-29,193.56
M9H31F-S,2016-03-31,27.69835,LY6WH5-S,2016-03-31,205.52
M9H31F-S,2016-04-30,28.42648,LY6WH5-S,2016-04-30,206.331
M9H31F-S,2016-05-31,29.6539,LY6WH5-S,2016-05-31,209.84
M9H31F-S,2016-06-30,28.48965,LY6WH5-S,2016-06-30,209.475
M9H31F-S,2016-07-31,29.5029,LY6WH5-S,2016-07-31,217.12
M9H31F-S,2016-08-31,28.89307,LY6WH5-S,2016-08-31,217.38
M9H31F-S,2016-09-30,26.78828,LY6WH5-S,2016-09-30,216.3
M9H31F-S,2016-10-31,22.54149,LY6WH5-S,2016-10-31,212.55
M9H31F-S,2016-11-30,20.29801,LY6WH5-S,2016-11-30,220.38
M9H31F-S,2016-12-31,21.26004,LY6WH5-S,2016-12-31,223.53
M9H31F-S,2017-01-31,24.97645,LY6WH5-S,2017-01-31,227.53
M9H31F-S,2017-02-28,24.34982,LY6WH5-S,2017-02-28,236.47
M9H31F-S,2017-03-31,22.87837,LY6WH5-S,2017-03-31,235.74
M9H31F-S,2017-04-30,22.47125,LY6WH5-S,2017-04-30,238.08
M9H31F-S,2017-05-31,21.72777,LY6WH5-S,2017-05-31,241.44
M9H31F-S,2017-06-30,22.02551,LY6WH5-S,2017-06-30,241.8
M9H31F-S,2017-07-31,23.28701,LY6WH5-S,2017-07-31,246.77
M9H31F-S,2017-08-31,22.87962,LY6WH5-S,2017-08-31,247.49
M9H31F-S,2017-09-30,23.6172,LY6WH5-S,2017-09-30,251.23
M9H31F-S,2017-10-31,23.40532,LY6WH5-S,2017-10-31,257.15
M9H31F-S,2017-11-30,24.9706,LY6WH5-S,2017-11-30,265.01
M9H31F-S,2017-12-31,26.65249,LY6WH5-S,2017-12-31,266.86
M9H31F-S,2018-01-31,30.28803,LY6WH5-S,2018-01-31,281.9
M9H31F-S,2018-02-28,24.54641,LY6WH5-S,2018-02-28,271.65
M9H31F-S,2018-03-31,25.38522,LY6WH5-S,2018-03-31,263.15
M9H31F-S,2018-04-30,26.96259,LY6WH5-S,2018-04-30,264.51
M9H31F-S,2018-05-31,27.13091,LY6WH5-S,2018-05-31,270.94
M9H31F-S,2018-06-30,28.21947,LY6WH5-S,2018-06-30,271.28
M9H31F-S,2018-07-31,32.52611,LY6WH5-S,2018-07-31,281.33
M9H31F-S,2018-08-31,32.64496,LY6WH5-S,2018-08-31,290.31
M9H31F-S,2018-09-30,34.6297,LY6WH5-S,2018-09-30,290.72
M9H31F-S,2018-10-31,31.76699,LY6WH5-S,2018-10-31,270.63
M9H31F-S,2018-11-30,33.47572,LY6WH5-S,2018-11-30,275.65
M9H31F-S,2018-12-31,30.05565,LY6WH5-S,2018-12-31,249.92
M9H31F-S,2019-01-31,31.7564,LY6WH5-S,2019-01-31,269.93
M9H31F-S,2019-02-28,37.09164,LY6WH5-S,2019-02-28,278.68
M9H31F-S,2019-03-31,35.88183,LY6WH5-S,2019-03-31,282.48
M9H31F-S,2019-04-30,23.86817,LY6WH5-S,2019-04-30,294.02
M9H31F-S,2019-05-31,25.24632,LY6WH5-S,2019-05-31,275.27
M9H31F-S,2019-06-30,26.08476,LY6WH5-S,2019-06-30,293
M9H31F-S,2019-07-31,26.05225,LY6WH5-S,2019-07-31,297.43
M9H31F-S,2019-08-31,28.99108,LY6WH5-S,2019-08-31,292.45
M9H31F-S,2019-09-30,28.06531,LY6WH5-S,2019-09-30,296.77
M9H31F-S,2019-10-31,27.9702,LY6WH5-S,2019-10-31,303.33
M9H31F-S,2019-11-30,25.79917,LY6WH5-S,2019-11-30,314.31
M9H31F-S,2019-12-31,28.6811,LY6WH5-S,2019-12-31,321.86
M9H31F-S,2020-01-31,28.42327,LY6WH5-S,2020-01-31,321.73
M9H31F-S,2020-02-29,23.83919,LY6WH5-S,2020-02-29,296.26
M9H31F-S,2020-03-31,17.73164,LY6WH5-S,2020-03-31,257.75
M9H31F-S,2020-04-30,19.48227,LY6WH5-S,2020-04-30,290.48
M9H31F-S,2020-05-31,23.97082,LY6WH5-S,2020-05-31,304.32
M9H31F-S,2020-06-30,23.48917,LY6WH5-S,2020-06-30,308.36
M9H31F-S,2020-07-31,32.95572,LY6WH5-S,2020-07-31,326.52
M9H31F-S,2020-08-31,39.89399,LY6WH5-S,2020-08-31,349.31
M9H31F-S,2020-09-30,39.86491,LY6WH5-S,2020-09-30,334.89
M9H31F-S,2020-10-31,35.84113,LY6WH5-S,2020-10-31,326.54
M9H31F-S,2020-11-30,36.58289,LY6WH5-S,2020-11-30,362.06
M9H31F-S,2020-12-31,37.45849,LY6WH5-S,2020-12-31,373.88
M9H31F-S,2021-01-31,32.40987,LY6WH5-S,2021-01-31,370.07
M9H31F-S,2021-02-28,34.57965,LY6WH5-S,2021-02-28,380.36
M9H31F-S,2021-03-31,35.8467,LY6WH5-S,2021-03-31,396.33
M9H31F-S,2021-04-30,43.9325,LY6WH5-S,2021-04-30,417.3
M9H31F-S,2021-05-31,41.87877,LY6WH5-S,2021-05-31,420.04
M9H31F-S,2021-06-30,41.67248,LY6WH5-S,2021-06-30,428.06
M9H31F-S,2021-07-31,46.22602,LY6WH5-S,2021-07-31,438.51
M9H31F-S,2021-08-31,46.47717,LY6WH5-S,2021-08-31,451.56
M9H31F-S,2021-09-30,42.59243,LY6WH5-S,2021-09-30,429.14
M9H31F-S,2021-10-31,45.08647,LY6WH5-S,2021-10-31,459.25
M9H31F-S,2021-11-30,38.34777,LY6WH5-S,2021-11-30,455.56
M9H31F-S,2021-12-31,33.72509,LY6WH5-S,2021-12-31,474.96
M9H31F-S,2022-01-31,26.02049,LY6WH5-S,2022-01-31,449.91
M9H31F-S,2022-02-28,25.95054,LY6WH5-S,2022-02-28,436.63
M9H31F-S,2022-03-31,21.5462,LY6WH5-S,2022-03-31,451.64
M9H31F-S,2022-04-30,19.48146,LY6WH5-S,2022-04-30,412
M9H31F-S,2022-05-31,18.37097,LY6WH5-S,2022-05-31,412.93
M9H31F-S,2022-06-30,16.24535,LY6WH5-S,2022-06-30,377.25
M9H31F-S,2022-07-31,17.9157,LY6WH5-S,2022-07-31,411.99
M9H31F-S,2022-08-31,17.26092,LY6WH5-S,2022-08-31,395.18
M9H31F-S,2022-09-30,12.59033,LY6WH5-S,2022-09-30,357.18
M9H31F-S,2022-10-31,14.84103,LY6WH5-S,2022-10-31,386.21
M9H31F-S,2022-11-30,18.15237,LY6WH5-S,2022-11-30,407.68
M9H31F-S,2022-12-31,18.1809,LY6WH5-S,2022-12-31,382.43
M9H31F-S,2023-01-31,20.78442,LY6WH5-S,2023-01-31,406.48
M9H31F-S,2023-02-28,19.07882,LY6WH5-S,2023-02-28,396.26
M9H31F-S,2023-03-31,16.0029,LY6WH5-S,2023-03-31,409.39
M9H31F-S,2023-04-30,16.14427,LY6WH5-S,2023-04-30,415.93
M9H31F-S,2023-05-31,17.96652,LY6WH5-S,2023-05-31,417.85
M9H31F-S,2023-06-30,16.59581,LY6WH5-S,2023-06-30,443.28
M9H31F-S,2023-07-31,19.55944,LY6WH5-S,2023-07-31,457.79
M9H31F-S,2023-08-31,19.66692,LY6WH5-S,2023-08-31,450.35
M9H31F-S,2023-09-30,20.97577,LY6WH5-S,2023-09-30,427.48
M9H31F-S,2023-10-31,18.52896,LY6WH5-S,2023-10-31,418.2
M9H31F-S,2023-11-30,23.19368,LY6WH5-S,2023-11-30,456.4
M9H31F-S,2023-12-31,27.23594,LY6WH5-S,2023-12-31,475.31
M9H31F-S,2024-01-31,28.86215,LY6WH5-S,2024-01-31,482.88
M9H31F-S,2024-02-29,27.85103,LY6WH5-S,2024-02-29,508.08
M9H31F-S,2024-03-31,30.45624,LY6WH5-S,2024-03-31,523.07
M9H31F-S,2024-04-30,28.10148,LY6WH5-S,2024-04-30,503.49
M9H31F-S,2024-05-31,27.00554,LY6WH5-S,2024-05-31,527.37
M9H31F-S,2024-06-30,28.15684,LY6WH5-S,2024-06-30,544.22
M9H31F-S,2024-07-31,27.12515,LY6WH5-S,2024-07-31,550.81
R6KCBR-S,2014-10-31,830.75773,LY6WH5-S,2014-10-31,201.66
R6KCBR-S,2014-11-30,968.58929,LY6WH5-S,2014-11-30,207.2
R6KCBR-S,2014-12-31,846.36033,LY6WH5-S,2014-12-31,205.54
R6KCBR-S,2015-01-31,820.29092,LY6WH5-S,2015-01-31,199.45
R6KCBR-S,2015-02-28,852.85671,LY6WH5-S,2015-02-28,210.66
R6KCBR-S,2015-03-31,775.5989,LY6WH5-S,2015-03-31,206.43
R6KCBR-S,2015-04-30,906.19087,LY6WH5-S,2015-04-30,208.46
R6KCBR-S,2015-05-31,944.34969,LY6WH5-S,2015-05-31,211.14
R6KCBR-S,2015-06-30,941.4136,LY6WH5-S,2015-06-30,205.85
R6KCBR-S,2015-07-31,950.64656,LY6WH5-S,2015-07-31,210.5
R6KCBR-S,2015-08-31,896.02888,LY6WH5-S,2015-08-31,197.67
R6KCBR-S,2015-09-30,833.16294,LY6WH5-S,2015-09-30,191.63
R6KCBR-S,2015-10-31,918.30082,LY6WH5-S,2015-10-31,207.93
R6KCBR-S,2015-11-30,983.77148,LY6WH5-S,2015-11-30,208.69
R6KCBR-S,2015-12-31,989.72841,LY6WH5-S,2015-12-31,203.87
R6KCBR-S,2016-01-31,895.23428,LY6WH5-S,2016-01-31,193.721
R6KCBR-S,2016-02-29,967.46503,LY6WH5-S,2016-02-29,193.56
R6KCBR-S,2016-03-31,1045.56539,LY6WH5-S,2016-03-31,205.52
R6KCBR-S,2016-04-30,1034.11304,LY6WH5-S,2016-04-30,206.331
R6KCBR-S,2016-05-31,1034.07622,LY6WH5-S,2016-05-31,209.84
R6KCBR-S,2016-06-30,972.08793,LY6WH5-S,2016-06-30,209.475
R6KCBR-S,2016-07-31,1041.98969,LY6WH5-S,2016-07-31,217.12
R6KCBR-S,2016-08-31,1031.677,LY6WH5-S,2016-08-31,217.38
R6KCBR-S,2016-09-30,1173.1228,LY6WH5-S,2016-09-30,216.3
R6KCBR-S,2016-10-31,1074.0169,LY6WH5-S,2016-10-31,212.55
R6KCBR-S,2016-11-30,1015.85605,LY6WH5-S,2016-11-30,220.38
R6KCBR-S,2016-12-31,974.85534,LY6WH5-S,2016-12-31,223.53
R6KCBR-S,2017-01-31,988.65211,LY6WH5-S,2017-01-31,227.53
R6KCBR-S,2017-02-28,957.95294,LY6WH5-S,2017-02-28,236.47
R6KCBR-S,2017-03-31,932.1267,LY6WH5-S,2017-03-31,235.74
R6KCBR-S,2017-04-30,924.56943,LY6WH5-S,2017-04-30,238.08
R6KCBR-S,2017-05-31,927.67934,LY6WH5-S,2017-05-31,241.44
R6KCBR-S,2017-06-30,820.30548,LY6WH5-S,2017-06-30,241.8
R6KCBR-S,2017-07-31,829.00755,LY6WH5-S,2017-07-31,246.77
R6KCBR-S,2017-08-31,855.71744,LY6WH5-S,2017-08-31,247.49
R6KCBR-S,2017-09-30,933.12766,LY6WH5-S,2017-09-30,251.23
R6KCBR-S,2017-10-31,920.93636,LY6WH5-S,2017-10-31,257.15
R6KCBR-S,2017-11-30,865.05657,LY6WH5-S,2017-11-30,265.01
R6KCBR-S,2017-12-31,889.81764,LY6WH5-S,2017-12-31,266.86
R6KCBR-S,2018-01-31,1059.67469,LY6WH5-S,2018-01-31,281.9
R6KCBR-S,2018-02-28,978.15704,LY6WH5-S,2018-02-28,271.65
R6KCBR-S,2018-03-31,879.95191,LY6WH5-S,2018-03-31,263.15
R6KCBR-S,2018-04-30,746.04369,LY6WH5-S,2018-04-30,264.51
R6KCBR-S,2018-05-31,778.54783,LY6WH5-S,2018-05-31,270.94
R6KCBR-S,2018-06-30,693.37142,LY6WH5-S,2018-06-30,271.28
R6KCBR-S,2018-07-31,525.48117,LY6WH5-S,2018-07-31,281.33
R6KCBR-S,2018-08-31,477.64586,LY6WH5-S,2018-08-31,290.31
R6KCBR-S,2018-09-30,441.09508,LY6WH5-S,2018-09-30,290.72
R6KCBR-S,2018-10-31,442.13542,LY6WH5-S,2018-10-31,270.63
R6KCBR-S,2018-11-30,432.94014,LY6WH5-S,2018-11-30,275.65
R6KCBR-S,2018-12-31,255.88116,LY6WH5-S,2018-12-31,249.92
R6KCBR-S,2019-01-31,287.16172,LY6WH5-S,2019-01-31,269.93
R6KCBR-S,2019-02-28,328.61796,LY6WH5-S,2019-02-28,278.68
R6KCBR-S,2019-03-31,283.37538,LY6WH5-S,2019-03-31,282.48
R6KCBR-S,2019-04-30,260.41501,LY6WH5-S,2019-04-30,294.02
R6KCBR-S,2019-05-31,203.84679,LY6WH5-S,2019-05-31,275.27
R6KCBR-S,2019-06-30,286.62057,LY6WH5-S,2019-06-30,293
R6KCBR-S,2019-07-31,265.3864,LY6WH5-S,2019-07-31,297.43
R6KCBR-S,2019-08-31,214.9498,LY6WH5-S,2019-08-31,292.45
R6KCBR-S,2019-09-30,213.54555,LY6WH5-S,2019-09-30,296.77
R6KCBR-S,2019-10-31,176.26353,LY6WH5-S,2019-10-31,303.33
R6KCBR-S,2019-11-30,147.27002,LY6WH5-S,2019-11-30,314.31
R6KCBR-S,2019-12-31,163.36411,LY6WH5-S,2019-12-31,321.86
R6KCBR-S,2020-01-31,110.07619,LY6WH5-S,2020-01-31,321.73
R6KCBR-S,2020-02-29,97.45163,LY6WH5-S,2020-02-29,296.26
R6KCBR-S,2020-03-31,38.32408,LY6WH5-S,2020-03-31,257.75
R6KCBR-S,2020-04-30,100.983,LY6WH5-S,2020-04-30,290.48
R6KCBR-S,2020-05-31,153.701,LY6WH5-S,2020-05-31,304.32
R6KCBR-S,2020-06-30,194.154,LY6WH5-S,2020-06-30,308.36
R6KCBR-S,2020-07-31,239.898,LY6WH5-S,2020-07-31,326.52
R6KCBR-S,2020-08-31,237.843,LY6WH5-S,2020-08-31,349.31
R6KCBR-S,2020-09-30,281.299,LY6WH5-S,2020-09-30,334.89
R6KCBR-S,2020-10-31,227.015,LY6WH5-S,2020-10-31,326.54
R6KCBR-S,2020-11-30,220.965,LY6WH5-S,2020-11-30,362.06
R6KCBR-S,2020-12-31,226.18,LY6WH5-S,2020-12-31,373.88
R6KCBR-S,2021-01-31,244.594,LY6WH5-S,2021-01-31,370.07
R6KCBR-S,2021-02-28,226.196,LY6WH5-S,2021-02-28,380.36
R6KCBR-S,2021-03-31,218.595,LY6WH5-S,2021-03-31,396.33
R6KCBR-S,2021-04-30,260.706,LY6WH5-S,2021-04-30,417.3
R6KCBR-S,2021-05-31,249.782,LY6WH5-S,2021-05-31,420.04
R6KCBR-S,2021-06-30,212.081,LY6WH5-S,2021-06-30,428.06
R6KCBR-S,2021-07-31,218.906,LY6WH5-S,2021-07-31,438.51
R6KCBR-S,2021-08-31,211.939,LY6WH5-S,2021-08-31,451.56
R6KCBR-S,2021-09-30,188.791,LY6WH5-S,2021-09-30,429.14
R6KCBR-S,2021-10-31,165.262,LY6WH5-S,2021-10-31,459.25
R6KCBR-S,2021-11-30,158.703,LY6WH5-S,2021-11-30,455.56
R6KCBR-S,2021-12-31,159.314,LY6WH5-S,2021-12-31,474.96
R6KCBR-S,2022-01-31,155.45,LY6WH5-S,2022-01-31,449.91
R6KCBR-S,2022-02-28,135.552,LY6WH5-S,2022-02-28,436.63
R6KCBR-S,2022-03-31,128.088,LY6WH5-S,2022-03-31,451.64
R6KCBR-S,2022-04-30,106.102,LY6WH5-S,2022-04-30,412
R6KCBR-S,2022-05-31,109.141,LY6WH5-S,2022-05-31,412.93
R6KCBR-S,2022-06-30,59.769,LY6WH5-S,2022-06-30,377.25
R6KCBR-S,2022-07-31,68.011,LY6WH5-S,2022-07-31,411.99
R6KCBR-S,2022-08-31,56.378,LY6WH5-S,2022-08-31,395.18
R6KCBR-S,2022-09-30,40.854,LY6WH5-S,2022-09-30,357.18
R6KCBR-S,2022-10-31,43.571,LY6WH5-S,2022-10-31,386.21
R6KCBR-S,2022-11-30,44.629,LY6WH5-S,2022-11-30,407.68
R6KCBR-S,2022-12-31,38.757,LY6WH5-S,2022-12-31,382.43
R6KCBR-S,2023-01-31,37.064,LY6WH5-S,2023-01-31,406.48
R6KCBR-S,2023-02-28,31.701,LY6WH5-S,2023-02-28,396.26
R6KCBR-S,2023-03-31,24.1,LY6WH5-S,2023-03-31,409.39
R6KCBR-S,2023-04-30,20.484,LY6WH5-S,2023-04-30,415.93
R6KCBR-S,2023-05-31,19.384,LY6WH5-S,2023-05-31,417.85
R6KCBR-S,2023-06-30,16.614,LY6WH5-S,2023-06-30,443.28
R6KCBR-S,2023-07-31,15.242,LY6WH5-S,2023-07-31,457.79
R6KCBR-S,2023-08-31,7.239,LY6WH5-S,2023-08-31,450.35
R6KCBR-S,2023-09-30,5.808,LY6WH5-S,2023-09-30,427.48
R6KCBR-S,2023-10-31,6.525,LY6WH5-S,2023-10-31,418.2
R6KCBR-S,2023-11-30,7.784,LY6WH5-S,2023-11-30,456.4
R6KCBR-S,2023-12-31,9.305,LY6WH5-S,2023-12-31,475.31
R6KCBR-S,2024-01-31,10.615,LY6WH5-S,2024-01-31,482.88
R6KCBR-S,2024-02-29,7.661,LY6WH5-S,2024-02-29,508.08
R6KCBR-S,2024-03-31,8.712,LY6WH5-S,2024-03-31,523.07
R6KCBR-S,2024-04-30,6.944,LY6WH5-S,2024-04-30,503.49
R6KCBR-S,2024-05-31,6.666,LY6WH5-S,2024-05-31,527.37
R6KCBR-S,2024-06-30,7.852,LY6WH5-S,2024-06-30,544.22
R6KCBR-S,2024-07-31,7.73241,LY6WH5-S,2024-07-31,550.81
T67ZN6-S,1999-03-31,330.64051,LY6WH5-S,1999-03-31,128.375
T67ZN6-S,1999-06-30,584.28488,LY6WH5-S,1999-06-30,137
T67ZN6-S,1999-09-30,703.186,LY6WH5-S,1999-09-30,128.75
T67ZN6-S,1999-12-31,1525.95451,LY6WH5-S,1999-12-31,146.875
T67ZN6-S,2000-01-31,1509.26066,LY6WH5-S,2000-01-31,139.625
T67ZN6-S,2000-02-29,2253.32957,LY6WH5-S,2000-02-29,137.438
T67ZN6-S,2000-03-31,2317.03877,LY6WH5-S,2000-03-31,150.375
T67ZN6-S,2000-04-30,2322.83051,LY6WH5-S,2000-04-30,145.094
T67ZN6-S,2000-05-31,2451.95236,LY6WH5-S,2000-05-31,142.813
T67ZN6-S,2000-06-30,2969.46183,LY6WH5-S,2000-06-30,145.281
T67ZN6-S,2000-07-31,5038.81832,LY6WH5-S,2000-07-31,142.906
T67ZN6-S,2000-08-31,4655.88176,LY6WH5-S,2000-08-31,152.344
T67ZN6-S,2000-09-30,5103.54959,LY6WH5-S,2000-09-30,143.625
T67ZN6-S,2000-10-31,4689.26946,LY6WH5-S,2000-10-31,142.953
T67ZN6-S,2000-11-30,3490.7189,LY6WH5-S,2000-11-30,132.281
T67ZN6-S,2000-12-31,4636.12168,LY6WH5-S,2000-12-31,131.188
T67ZN6-S,2001-01-31,3700.58449,LY6WH5-S,2001-01-31,137.02
T67ZN6-S,2001-02-28,4760.81455,LY6WH5-S,2001-02-28,123.95
T67ZN6-S,2001-03-31,4600.68983,LY6WH5-S,2001-03-31,116.69
T67ZN6-S,2001-04-30,4560.48831,LY6WH5-S,2001-04-30,124.91
T67ZN6-S,2001-05-31,3928.16601,LY6WH5-S,2001-05-31,125.95
T67ZN6-S,2001-06-30,3539.77839,LY6WH5-S,2001-06-30,122.6
T67ZN6-S,2001-07-31,3579.1827,LY6WH5-S,2001-07-31,121.35
T67ZN6-S,2001-08-31,3381.42526,LY6WH5-S,2001-08-31,114.15
T67ZN6-S,2001-09-30,2074.20793,LY6WH5-S,2001-09-30,104.44
T67ZN6-S,2001-10-31,1641.80305,LY6WH5-S,2001-10-31,105.8
T67ZN6-S,2001-11-30,1182.35412,LY6WH5-S,2001-11-30,114.05
T67ZN6-S,2001-12-31,1139.52927,LY6WH5-S,2001-12-31,114.3
T67ZN6-S,2002-01-31,1362.23891,LY6WH5-S,2002-01-31,113.18
T67ZN6-S,2002-02-28,1223.48232,LY6WH5-S,2002-02-28,111.15
T67ZN6-S,2002-03-31,1527.61027,LY6WH5-S,2002-03-31,114.52
T67ZN6-S,2002-04-30,1580.6831,LY6WH5-S,2002-04-30,107.86
T67ZN6-S,2002-05-31,1445.76269,LY6WH5-S,2002-05-31,107.22
T67ZN6-S,2002-06-30,1216.75027,LY6WH5-S,2002-06-30,98.96
T67ZN6-S,2002-07-31,1010.66635,LY6WH5-S,2002-07-31,91.16
T67ZN6-S,2002-08-31,226.15062,LY6WH5-S,2002-08-31,91.78
T67ZN6-S,2002-09-30,224.34495,LY6WH5-S,2002-09-30,81.79
T67ZN6-S,2002-10-31,186.92347,LY6WH5-S,2002-10-31,88.52
T67ZN6-S,2002-11-30,78.15449,LY6WH5-S,2002-11-30,93.98
T67ZN6-S,2002-12-31,64.61543,LY6WH5-S,2002-12-31,88.23
T67ZN6-S,2003-01-31,31.90816,LY6WH5-S,2003-01-31,86.06
T67ZN6-S,2003-02-28,12.1536,LY6WH5-S,2003-02-28,84.9
T67ZN6-S,2003-03-31,10.91053,LY6WH5-S,2003-03-31,84.74
T67ZN6-S,2003-04-30,24.89311,LY6WH5-S,2003-04-30,91.91
T67ZN6-S,2003-05-31,26.02534,LY6WH5-S,2003-05-31,96.95
T67ZN6-S,2003-06-30,15.35234,LY6WH5-S,2003-06-30,97.63
T67ZN6-S,2003-07-31,25.13856,LY6WH5-S,2003-07-31,99.39
T67ZN6-S,2003-08-31,16.89628,LY6WH5-S,2003-08-31,101.44
T67ZN6-S,2003-09-30,15.70863,LY6WH5-S,2003-09-30,99.95
T67ZN6-S,2003-10-31,6.71417,LY6WH5-S,2003-10-31,105.3
T67ZN6-S,2003-11-30,5.80364,LY6WH5-S,2003-11-30,106.45
T67ZN6-S,2003-12-31,4.71101,LY6WH5-S,2003-12-31,111.28
T67ZN6-S,2004-01-31,5.64529,LY6WH5-S,2004-01-31,113.48
T67ZN6-S,2004-02-29,5.62154,LY6WH5-S,2004-02-29,115.02
T67ZN6-S,2004-03-31,5.76405,LY6WH5-S,2004-03-31,113.1
T67ZN6-S,2004-04-30,3.46002,LY6WH5-S,2004-04-30,110.96
T67ZN6-S,2004-05-31,4.71892,LY6WH5-S,2004-05-31,112.86
T67ZN6-S,2004-06-30,3.42835,LY6WH5-S,2004-06-30,114.53
T67ZN6-S,2004-07-31,4.52098,LY6WH5-S,2004-07-31,110.84
T67ZN6-S,2004-08-31,2.69343,LY6WH5-S,2004-08-31,111.11
T67ZN6-S,2004-09-30,2.29359,LY6WH5-S,2004-09-30,111.76
T67ZN6-S,2004-10-31,2.159,LY6WH5-S,2004-10-31,113.2
T67ZN6-S,2004-11-30,2.0586,LY6WH5-S,2004-11-30,117.89
T67ZN6-S,2004-12-31,3.0712,LY6WH5-S,2004-12-31,120.87
T67ZN6-S,2005-01-31,3.0063,LY6WH5-S,2005-01-31,118.16
T67ZN6-S,2005-02-28,2.4063,LY6WH5-S,2005-02-28,120.63
T67ZN6-S,2005-03-31,2.0746,LY6WH5-S,2005-03-31,117.96
T67ZN6-S,2005-04-30,2.2245,LY6WH5-S,2005-04-30,115.75
T67ZN6-S,2005-05-31,1.9971,LY6WH5-S,2005-05-31,119.48
T67ZN6-S,2005-06-30,2.8297,LY6WH5-S,2005-06-30,119.18
T67ZN6-S,2005-07-31,3.1336,LY6WH5-S,2005-07-31,123.74
T67ZN6-S,2005-08-31,3.2714,LY6WH5-S,2005-08-31,122.58
T67ZN6-S,2005-09-30,2.8049,LY6WH5-S,2005-09-30,123.04
T67ZN6-S,2005-10-31,2.9229,LY6WH5-S,2005-10-31,120.13
T67ZN6-S,2005-11-30,3.2675,LY6WH5-S,2005-11-30,125.41
T67ZN6-S,2005-12-31,3.0866,LY6WH5-S,2005-12-31,124.51
T67ZN6-S,2006-01-31,3.6049,LY6WH5-S,2006-01-31,127.5
T67ZN6-S,2006-02-28,5.1861,LY6WH5-S,2006-02-28,128.23
T67ZN6-S,2006-03-31,9.9043,LY6WH5-S,2006-03-31,129.83
T67ZN6-S,2006-04-30,10.1335,LY6WH5-S,2006-04-30,131.47
T67ZN6-S,2006-05-31,11.7767,LY6WH5-S,2006-05-31,127.51
T67ZN6-S,2006-06-30,10.8315,LY6WH5-S,2006-06-30,127.23
T67ZN6-S,2006-07-31,11.042,LY6WH5-S,2006-07-31,127.85
T67ZN6-S,2006-08-31,9.7228,LY6WH5-S,2006-08-31,130.64
T67ZN6-S,2006-09-30,7.8851,LY6WH5-S,2006-09-30,133.58
T67ZN6-S,2006-10-31,7.8276,LY6WH5-S,2006-10-31,137.79
T67ZN6-S,2006-11-30,8.784,LY6WH5-S,2006-11-30,140.53
T67ZN6-S,2006-12-31,9.1546,LY6WH5-S,2006-12-31,141.62
T67ZN6-S,2007-01-31,10.6655,LY6WH5-S,2007-01-31,143.75
T67ZN6-S,2007-02-28,12.2087,LY6WH5-S,2007-02-28,140.93
T67ZN6-S,2007-03-31,11.6971,LY6WH5-S,2007-03-31,142
T67ZN6-S,2007-04-30,10.8284,LY6WH5-S,2007-04-30,148.29
T67ZN6-S,2007-05-31,11.0667,LY6WH5-S,2007-05-31,153.32
T67ZN6-S,2007-06-30,10.8697,LY6WH5-S,2007-06-30,150.43
T67ZN6-S,2007-07-31,12.6576,LY6WH5-S,2007-07-31,145.72
T67ZN6-S,2007-08-31,11.7483,LY6WH5-S,2007-08-31,147.59
T67ZN6-S,2007-09-30,12.6516,LY6WH5-S,2007-09-30,152.58
T67ZN6-S,2007-10-31,10.0902,LY6WH5-S,2007-10-31,154.65
T67ZN6-S,2007-11-30,6.258,LY6WH5-S,2007-11-30,148.66
T67ZN6-S,2007-12-31,6.4442,LY6WH5-S,2007-12-31,146.21
T67ZN6-S,2008-01-31,5.201,LY6WH5-S,2008-01-31,137.37
T67ZN6-S,2008-02-29,5.8828,LY6WH5-S,2008-02-29,133.82
T67ZN6-S,2008-03-31,5.8641,LY6WH5-S,2008-03-31,131.97
T67ZN6-S,2008-04-30,6.5949,LY6WH5-S,2008-04-30,138.26
T67ZN6-S,2008-05-31,6.7421,LY6WH5-S,2008-05-31,140.35
T67ZN6-S,2008-06-30,7.3428,LY6WH5-S,2008-06-30,127.98
T67ZN6-S,2008-07-31,7.1692,LY6WH5-S,2008-07-31,126.83
T67ZN6-S,2008-08-31,7.0256,LY6WH5-S,2008-08-31,128.79
T67ZN6-S,2008-09-30,4.8543,LY6WH5-S,2008-09-30,115.99
T67ZN6-S,2008-10-31,1.6042,LY6WH5-S,2008-10-31,96.83
T67ZN6-S,2008-11-30,1.4271,LY6WH5-S,2008-11-30,90.09
T67ZN6-S,2008-12-31,1.4998,LY6WH5-S,2008-12-31,90.24
T67ZN6-S,2009-01-31,2.1703,LY6WH5-S,2009-01-31,82.83
T67ZN6-S,2009-02-28,2.4111,LY6WH5-S,2009-02-28,73.93
T67ZN6-S,2009-03-31,3.1398,LY6WH5-S,2009-03-31,79.52
T67ZN6-S,2009-04-30,4.5617,LY6WH5-S,2009-04-30,87.42
T67ZN6-S,2009-05-31,5.8499,LY6WH5-S,2009-05-31,92.53
T67ZN6-S,2009-06-30,6.7117,LY6WH5-S,2009-06-30,91.95
T67ZN6-S,2009-07-31,6.2542,LY6WH5-S,2009-07-31,98.81
T67ZN6-S,2009-08-31,7.1122,LY6WH5-S,2009-08-31,102.46
T67ZN6-S,2009-09-30,7.2264,LY6WH5-S,2009-09-30,105.59
T67ZN6-S,2009-10-31,7.3185,LY6WH5-S,2009-10-31,103.56
T67ZN6-S,2009-11-30,7.484,LY6WH5-S,2009-11-30,109.94
T67ZN6-S,2009-12-31,7.2825,LY6WH5-S,2009-12-31,111.44
T67ZN6-S,2010-01-31,9.0438,LY6WH5-S,2010-01-31,107.39
T67ZN6-S,2010-02-28,8.7303,LY6WH5-S,2010-02-28,110.74
T67ZN6-S,2010-03-31,8.8953,LY6WH5-S,2010-03-31,117
T67ZN6-S,2010-04-30,9.3225,LY6WH5-S,2010-04-30,118.812
T67ZN6-S,2010-05-31,8.0493,LY6WH5-S,2010-05-31,109.369
T67ZN6-S,2010-06-30,6.6814,LY6WH5-S,2010-06-30,103.22
T67ZN6-S,2010-07-31,7.5396,LY6WH5-S,2010-07-31,110.27
T67ZN6-S,2010-08-31,7.6458,LY6WH5-S,2010-08-31,105.31
T67ZN6-S,2010-09-30,8.7514,LY6WH5-S,2010-09-30,114.13
T67ZN6-S,2010-10-31,9.8827,LY6WH5-S,2010-10-31,118.49
T67ZN6-S,2010-11-30,9.2994,LY6WH5-S,2010-11-30,118.493
T67ZN6-S,2010-12-31,10.4768,LY6WH5-S,2010-12-31,125.75
T67ZN6-S,2011-01-31,11.2536,LY6WH5-S,2011-01-31,128.68
T67ZN6-S,2011-02-28,11.7406,LY6WH5-S,2011-02-28,133.15
T67ZN6-S,2011-03-31,12.4192,LY6WH5-S,2011-03-31,132.59
T67ZN6-S,2011-04-30,13.2276,LY6WH5-S,2011-04-30,136.43
T67ZN6-S,2011-05-31,9.8603,LY6WH5-S,2011-05-31,134.9
T67ZN6-S,2011-06-30,8.0627,LY6WH5-S,2011-06-30,131.97
T67ZN6-S,2011-07-31,5.8081,LY6WH5-S,2011-07-31,129.33
T67ZN6-S,2011-08-31,5.8478,LY6WH5-S,2011-08-31,122.22
T67ZN6-S,2011-09-30,4.3911,LY6WH5-S,2011-09-30,113.15
T67ZN6-S,2011-10-31,4.5154,LY6WH5-S,2011-10-31,125.5
T67ZN6-S,2011-11-30,4.3303,LY6WH5-S,2011-11-30,124.99
T67ZN6-S,2011-12-31,4.3332,LY6WH5-S,2011-12-31,125.5
T67ZN6-S,2012-01-31,5.4352,LY6WH5-S,2012-01-31,131.32
T67ZN6-S,2012-02-29,5.3979,LY6WH5-S,2012-02-29,137.02
T67ZN6-S,2012-03-31,5.1542,LY6WH5-S,2012-03-31,140.81
T67ZN6-S,2012-04-30,5.1254,LY6WH5-S,2012-04-30,139.87
T67ZN6-S,2012-05-31,4.8789,LY6WH5-S,2012-05-31,131.47
T67ZN6-S,2012-06-30,7.0923,LY6WH5-S,2012-06-30,136.105
T67ZN6-S,2012-07-31,6.6998,LY6WH5-S,2012-07-31,137.71
T67ZN6-S,2012-08-31,7.748,LY6WH5-S,2012-08-31,141.16
T67ZN6-S,2012-09-30,8.0876,LY6WH5-S,2012-09-30,143.97
T67ZN6-S,2012-10-31,7.8468,LY6WH5-S,2012-10-31,141.35
T67ZN6-S,2012-11-30,8.7403,LY6WH5-S,2012-11-30,142.155
T67ZN6-S,2012-12-31,9.1652,LY6WH5-S,2012-12-31,142.41
T67ZN6-S,2013-01-31,9.9919,LY6WH5-S,2013-01-31,149.7
T67ZN6-S,2013-02-28,10.565,LY6WH5-S,2013-02-28,151.61
T67ZN6-S,2013-03-31,9.2466,LY6WH5-S,2013-03-31,156.67
T67ZN6-S,2013-04-30,10.422,LY6WH5-S,2013-04-30,159.68
T67ZN6-S,2013-05-31,10.3985,LY6WH5-S,2013-05-31,163.445
T67ZN6-S,2013-06-30,10.1612,LY6WH5-S,2013-06-30,160.42
T67ZN6-S,2013-07-31,10.0439,LY6WH5-S,2013-07-31,168.71
T67ZN6-S,2013-08-31,9.2763,LY6WH5-S,2013-08-31,163.65
T67ZN6-S,2013-09-30,10.6747,LY6WH5-S,2013-09-30,168.01
T67ZN6-S,2013-10-31,11.7355,LY6WH5-S,2013-10-31,175.79
T67ZN6-S,2013-11-30,11.5518,LY6WH5-S,2013-11-30,181
T67ZN6-S,2013-12-31,12.1504,LY6WH5-S,2013-12-31,184.69
T67ZN6-S,2014-01-31,11.47104,LY6WH5-S,2014-01-31,178.18
T67ZN6-S,2014-02-28,11.07495,LY6WH5-S,2014-02-28,186.29
T67ZN6-S,2014-03-31,11.32444,LY6WH5-S,2014-03-31,187.01
T67ZN6-S,2014-04-30,12.22276,LY6WH5-S,2014-04-30,188.31
T67ZN6-S,2014-05-31,12.01975,LY6WH5-S,2014-05-31,192.68
T67ZN6-S,2014-06-30,13.64829,LY6WH5-S,2014-06-30,195.72
T67ZN6-S,2014-07-31,13.62327,LY6WH5-S,2014-07-31,193.09
T67ZN6-S,2014-08-31,13.598,LY6WH5-S,2014-08-31,200.71
T67ZN6-S,2014-09-30,13.99712,LY6WH5-S,2014-09-30,197.02
T67ZN6-S,2014-10-31,14.14605,LY6WH5-S,2014-10-31,201.66
T67ZN6-S,2014-11-30,14.20242,LY6WH5-S,2014-11-30,207.2
T67ZN6-S,2014-12-31,13.88552,LY6WH5-S,2014-12-31,205.54
T67ZN6-S,2015-01-31,13.09593,LY6WH5-S,2015-01-31,199.45
T67ZN6-S,2015-02-28,12.67979,LY6WH5-S,2015-02-28,210.66
T67ZN6-S,2015-03-31,11.48391,LY6WH5-S,2015-03-31,206.43
T67ZN6-S,2015-04-30,12.21551,LY6WH5-S,2015-04-30,208.46
T67ZN6-S,2015-05-31,11.49698,LY6WH5-S,2015-05-31,211.14
T67ZN6-S,2015-06-30,11.42676,LY6WH5-S,2015-06-30,205.85
T67ZN6-S,2015-07-31,12.41258,LY6WH5-S,2015-07-31,210.5
T67ZN6-S,2015-08-31,11.90157,LY6WH5-S,2015-08-31,197.67
T67ZN6-S,2015-09-30,12.70809,LY6WH5-S,2015-09-30,191.63
T67ZN6-S,2015-10-31,13.46049,LY6WH5-S,2015-10-31,207.93
T67ZN6-S,2015-11-30,13.53375,LY6WH5-S,2015-11-30,208.69
T67ZN6-S,2015-12-31,13.55333,LY6WH5-S,2015-12-31,203.87
T67ZN6-S,2016-01-31,13.49733,LY6WH5-S,2016-01-31,193.721
T67ZN6-S,2016-02-29,14.29276,LY6WH5-S,2016-02-29,193.56
T67ZN6-S,2016-03-31,15.41484,LY6WH5-S,2016-03-31,205.52
T67ZN6-S,2016-04-30,15.56068,LY6WH5-S,2016-04-30,206.331
T67ZN6-S,2016-05-31,16.70423,LY6WH5-S,2016-05-31,209.84
T67ZN6-S,2016-06-30,16.67075,LY6WH5-S,2016-06-30,209.475
T67ZN6-S,2016-07-31,17.04876,LY6WH5-S,2016-07-31,217.12
T67ZN6-S,2016-08-31,15.44161,LY6WH5-S,2016-08-31,217.38
T67ZN6-S,2016-09-30,17.90473,LY6WH5-S,2016-09-30,216.3
T67ZN6-S,2016-10-31,18.1665,LY6WH5-S,2016-10-31,212.55
T67ZN6-S,2016-11-30,17.98394,LY6WH5-S,2016-11-30,220.38
T67ZN6-S,2016-12-31,18.08846,LY6WH5-S,2016-12-31,223.53
T67ZN6-S,2017-01-31,17.72052,LY6WH5-S,2017-01-31,227.53
T67ZN6-S,2017-02-28,17.54145,LY6WH5-S,2017-02-28,236.47
T67ZN6-S,2017-03-31,15.2406,LY6WH5-S,2017-03-31,235.74
T67ZN6-S,2017-04-30,16.66959,LY6WH5-S,2017-04-30,238.08
T67ZN6-S,2017-05-31,17.57219,LY6WH5-S,2017-05-31,241.44
T67ZN6-S,2017-06-30,17.05933,LY6WH5-S,2017-06-30,241.8
T67ZN6-S,2017-07-31,18.54102,LY6WH5-S,2017-07-31,246.77
T67ZN6-S,2017-08-31,19.80758,LY6WH5-S,2017-08-31,247.49
T67ZN6-S,2017-09-30,19.78569,LY6WH5-S,2017-09-30,251.23
T67ZN6-S,2017-10-31,19.49425,LY6WH5-S,2017-10-31,257.15
T67ZN6-S,2017-11-30,17.66036,LY6WH5-S,2017-11-30,265.01
T67ZN6-S,2017-12-31,16.99402,LY6WH5-S,2017-12-31,266.86
T67ZN6-S,2018-01-31,17.38468,LY6WH5-S,2018-01-31,281.9
T67ZN6-S,2018-02-28,19.48118,LY6WH5-S,2018-02-28,271.65
T67ZN6-S,2018-03-31,20.09344,LY6WH5-S,2018-03-31,263.15
T67ZN6-S,2018-04-30,21.801,LY6WH5-S,2018-04-30,264.51
T67ZN6-S,2018-05-31,20.00599,LY6WH5-S,2018-05-31,270.94
T67ZN6-S,2018-06-30,19.90086,LY6WH5-S,2018-06-30,271.28
T67ZN6-S,2018-07-31,21.89069,LY6WH5-S,2018-07-31,281.33
T67ZN6-S,2018-08-31,21.66166,LY6WH5-S,2018-08-31,290.31
T67ZN6-S,2018-09-30,23.154,LY6WH5-S,2018-09-30,290.72
T67ZN6-S,2018-10-31,24.27141,LY6WH5-S,2018-10-31,270.63
T67ZN6-S,2018-11-30,23.37489,LY6WH5-S,2018-11-30,275.65
T67ZN6-S,2018-12-31,20.91873,LY6WH5-S,2018-12-31,249.92
T67ZN6-S,2019-01-31,22.0336,LY6WH5-S,2019-01-31,269.93
T67ZN6-S,2019-02-28,23.09744,LY6WH5-S,2019-02-28,278.68
T67ZN6-S,2019-03-31,22.35357,LY6WH5-S,2019-03-31,282.48
T67ZN6-S,2019-04-30,21.61318,LY6WH5-S,2019-04-30,294.02
T67ZN6-S,2019-05-31,23.19006,LY6WH5-S,2019-05-31,275.27
T67ZN6-S,2019-06-30,23.39301,LY6WH5-S,2019-06-30,293
T67ZN6-S,2019-07-31,24.26458,LY6WH5-S,2019-07-31,297.43
T67ZN6-S,2019-08-31,23.9396,LY6WH5-S,2019-08-31,292.45
T67ZN6-S,2019-09-30,23.1016,LY6WH5-S,2019-09-30,296.77
T67ZN6-S,2019-10-31,24.41947,LY6WH5-S,2019-10-31,303.33
T67ZN6-S,2019-11-30,24.82193,LY6WH5-S,2019-11-30,314.31
T67ZN6-S,2019-12-31,25.99296,LY6WH5-S,2019-12-31,321.86
T67ZN6-S,2020-01-31,23.88856,LY6WH5-S,2020-01-31,321.73
T67ZN6-S,2020-02-29,20.89888,LY6WH5-S,2020-02-29,296.26
T67ZN6-S,2020-03-31,15.10808,LY6WH5-S,2020-03-31,257.75
T67ZN6-S,2020-04-30,17.17297,LY6WH5-S,2020-04-30,290.48
T67ZN6-S,2020-05-31,18.83201,LY6WH5-S,2020-05-31,304.32
T67ZN6-S,2020-06-30,18.93335,LY6WH5-S,2020-06-30,308.36
T67ZN6-S,2020-07-31,18.04193,LY6WH5-S,2020-07-31,326.52
T67ZN6-S,2020-08-31,19.68772,LY6WH5-S,2020-08-31,349.31
T67ZN6-S,2020-09-30,17.72546,LY6WH5-S,2020-09-30,334.89
T67ZN6-S,2020-10-31,15.76026,LY6WH5-S,2020-10-31,326.54
T67ZN6-S,2020-11-30,20.32947,LY6WH5-S,2020-11-30,362.06
T67ZN6-S,2020-12-31,22.37202,LY6WH5-S,2020-12-31,373.88
T67ZN6-S,2021-01-31,22.2204,LY6WH5-S,2021-01-31,370.07
T67ZN6-S,2021-02-28,24.31491,LY6WH5-S,2021-02-28,380.36
T67ZN6-S,2021-03-31,24.8584,LY6WH5-S,2021-03-31,396.33
T67ZN6-S,2021-04-30,24.74664,LY6WH5-S,2021-04-30,417.3
T67ZN6-S,2021-05-31,26.12014,LY6WH5-S,2021-05-31,420.04
T67ZN6-S,2021-06-30,25.44973,LY6WH5-S,2021-06-30,428.06
T67ZN6-S,2021-07-31,25.48996,LY6WH5-S,2021-07-31,438.51
T67ZN6-S,2021-08-31,26.75366,LY6WH5-S,2021-08-31,451.56
T67ZN6-S,2021-09-30,25.44319,LY6WH5-S,2021-09-30,429.14
T67ZN6-S,2021-10-31,28.91492,LY6WH5-S,2021-10-31,459.25
T67ZN6-S,2021-11-30,22.63111,LY6WH5-S,2021-11-30,455.56
T67ZN6-S,2021-12-31,23.6984,LY6WH5-S,2021-12-31,474.96
T67ZN6-S,2022-01-31,24.38299,LY6WH5-S,2022-01-31,449.91
T67ZN6-S,2022-02-28,25.74585,LY6WH5-S,2022-02-28,436.63
T67ZN6-S,2022-03-31,27.21866,LY6WH5-S,2022-03-31,451.64
T67ZN6-S,2022-04-30,28.62648,LY6WH5-S,2022-04-30,412
T67ZN6-S,2022-05-31,26.02998,LY6WH5-S,2022-05-31,412.93
T67ZN6-S,2022-06-30,22.68276,LY6WH5-S,2022-06-30,377.25
T67ZN6-S,2022-07-31,22.98423,LY6WH5-S,2022-07-31,411.99
T67ZN6-S,2022-08-31,20.58615,LY6WH5-S,2022-08-31,395.18
T67ZN6-S,2022-09-30,12.70963,LY6WH5-S,2022-09-30,357.18
T67ZN6-S,2022-10-31,14.91317,LY6WH5-S,2022-10-31,386.21
T67ZN6-S,2022-11-30,15.40946,LY6WH5-S,2022-11-30,407.68
T67ZN6-S,2022-12-31,16.9729,LY6WH5-S,2022-12-31,382.43
T67ZN6-S,2023-01-31,18.42665,LY6WH5-S,2023-01-31,406.48
T67ZN6-S,2023-02-28,17.36328,LY6WH5-S,2023-02-28,396.26
T67ZN6-S,2023-03-31,18.46636,LY6WH5-S,2023-03-31,409.39
T67ZN6-S,2023-04-30,18.99711,LY6WH5-S,2023-04-30,415.93
T67ZN6-S,2023-05-31,17.09601,LY6WH5-S,2023-05-31,417.85
T67ZN6-S,2023-06-30,15.88642,LY6WH5-S,2023-06-30,443.28
T67ZN6-S,2023-07-31,17.52876,LY6WH5-S,2023-07-31,457.79
T67ZN6-S,2023-08-31,18.14396,LY6WH5-S,2023-08-31,450.35
T67ZN6-S,2023-09-30,17.81343,LY6WH5-S,2023-09-30,427.48
T67ZN6-S,2023-10-31,16.22851,LY6WH5-S,2023-10-31,418.2
T67ZN6-S,2023-11-30,17.84058,LY6WH5-S,2023-11-30,456.4
T67ZN6-S,2023-12-31,17.92097,LY6WH5-S,2023-12-31,475.31
T67ZN6-S,2024-01-31,18.15122,LY6WH5-S,2024-01-31,482.88
T67ZN6-S,2024-02-29,19.33156,LY6WH5-S,2024-02-29,508.08
T67ZN6-S,2024-03-31,18.43965,LY6WH5-S,2024-03-31,523.07
T67ZN6-S,2024-04-30,17.69436,LY6WH5-S,2024-04-30,503.49
T67ZN6-S,2024-05-31,17.88307,LY6WH5-S,2024-05-31,527.37
T67ZN6-S,2024-06-30,16.68936,LY6WH5-S,2024-06-30,544.22
T67ZN6-S,2024-07-31,16.84576,LY6WH5-S,2024-07-31,550.81
